dependency_id,source_path,dependency,dependency_kind,specifier,line
CWTV-DEP-000001,.github/workflows/ci.yml,actions/checkout@3d3c42e5aac5ba805825da76410c181273ba90b1,github_action,actions/checkout@3d3c42e5aac5ba805825da76410c181273ba90b1,111
CWTV-DEP-000002,.github/workflows/ci.yml,actions/checkout@3d3c42e5aac5ba805825da76410c181273ba90b1,github_action,actions/checkout@3d3c42e5aac5ba805825da76410c181273ba90b1,32
CWTV-DEP-000003,.github/workflows/ci.yml,actions/setup-node@820762786026740c76f36085b0efc47a31fe5020,github_action,actions/setup-node@820762786026740c76f36085b0efc47a31fe5020,123
CWTV-DEP-000004,.github/workflows/ci.yml,actions/setup-node@820762786026740c76f36085b0efc47a31fe5020,github_action,actions/setup-node@820762786026740c76f36085b0efc47a31fe5020,45
CWTV-DEP-000005,.github/workflows/ci.yml,actions/setup-python@5fda3b95a4ea91299a34e894583c3862153e4b97,github_action,actions/setup-python@5fda3b95a4ea91299a34e894583c3862153e4b97,116
CWTV-DEP-000006,.github/workflows/ci.yml,actions/setup-python@5fda3b95a4ea91299a34e894583c3862153e4b97,github_action,actions/setup-python@5fda3b95a4ea91299a34e894583c3862153e4b97,38
CWTV-DEP-000007,apps/web/next-env.d.ts,./.next/types/root-params.d.ts,js_side_effect_import,,4
CWTV-DEP-000008,apps/web/next-env.d.ts,./.next/types/routes.d.ts,js_side_effect_import,,3
CWTV-DEP-000009,apps/web/next.config.ts,next,js_import,,1
CWTV-DEP-000010,apps/web/package.json,@cinewatch/contracts,npm_dependencies,0.0.0,
CWTV-DEP-000011,apps/web/package.json,@types/node,npm_devDependencies,24.13.3,
CWTV-DEP-000012,apps/web/package.json,@types/react,npm_devDependencies,19.2.18,
CWTV-DEP-000013,apps/web/package.json,@types/react-dom,npm_devDependencies,19.2.7,
CWTV-DEP-000014,apps/web/package.json,eslint,npm_devDependencies,9.39.5,
CWTV-DEP-000015,apps/web/package.json,eslint-config-next,npm_devDependencies,16.3.4,
CWTV-DEP-000016,apps/web/package.json,next,npm_dependencies,16.3.6,
CWTV-DEP-000017,apps/web/package.json,react,npm_dependencies,19.2.8,
CWTV-DEP-000018,apps/web/package.json,react-dom,npm_dependencies,19.2.8,
CWTV-DEP-000019,apps/web/package.json,typescript,npm_devDependencies,6.0.3,
CWTV-DEP-000020,apps/web/src/app/brand-qualification/page.tsx,./brand-qualification.module.css,js_import,,4
CWTV-DEP-000021,apps/web/src/app/brand-qualification/page.tsx,next,js_import,,2
CWTV-DEP-000022,apps/web/src/app/brand-qualification/page.tsx,next/navigation,js_import,,3
CWTV-DEP-000023,apps/web/src/app/cinema-guide/page.tsx,@/components/site/UnderDevelopmentPanel,js_import,,1
CWTV-DEP-000024,apps/web/src/app/company/[providerId]/page.tsx,@/components/catalog/OrganizationRoute,js_import,,1
CWTV-DEP-000025,apps/web/src/app/contact/page.tsx,@/app/r3-page.module.css,js_import,,1
CWTV-DEP-000026,apps/web/src/app/countries-cultures/page.tsx,./page.module.css,js_import,,4
CWTV-DEP-000027,apps/web/src/app/countries-cultures/page.tsx,@/lib/config/public-env,js_import,,3
CWTV-DEP-000028,apps/web/src/app/countries-cultures/page.tsx,next/link,js_import,,2
CWTV-DEP-000029,apps/web/src/app/country/[code]/page.tsx,@/components/catalog/CatalogBrowse,js_import,,2
CWTV-DEP-000030,apps/web/src/app/country/[code]/page.tsx,@/lib/api/catalog-client,js_import,,4
CWTV-DEP-000031,apps/web/src/app/country/[code]/page.tsx,@/lib/config/public-env,js_import,,5
CWTV-DEP-000032,apps/web/src/app/country/[code]/page.tsx,@cinewatch/contracts,js_import,,6
CWTV-DEP-000033,apps/web/src/app/country/[code]/page.tsx,next/navigation,js_import,,1
CWTV-DEP-000034,apps/web/src/app/discover/[slug]/page.tsx,@/components/catalog/CatalogBrowse,js_import,,2
CWTV-DEP-000035,apps/web/src/app/discover/[slug]/page.tsx,@/lib/api/catalog-client,js_import,,4
CWTV-DEP-000036,apps/web/src/app/discover/[slug]/page.tsx,next/navigation,js_import,,1
CWTV-DEP-000037,apps/web/src/app/genre/[slug]/page.tsx,@/components/catalog/CatalogBrowse,js_import,,2
CWTV-DEP-000038,apps/web/src/app/genre/[slug]/page.tsx,@/lib/api/catalog-client,js_import,,4
CWTV-DEP-000039,apps/web/src/app/genre/[slug]/page.tsx,next/navigation,js_import,,1
CWTV-DEP-000040,apps/web/src/app/genres/page.tsx,@/components/catalog/GenreGallery,js_import,,3
CWTV-DEP-000041,apps/web/src/app/genres/page.tsx,@/lib/config/public-env,js_import,,4
CWTV-DEP-000042,apps/web/src/app/genres/page.tsx,@cinewatch/contracts,js_import,,1
CWTV-DEP-000043,apps/web/src/app/layout.tsx,./globals.css,js_side_effect_import,,6
CWTV-DEP-000044,apps/web/src/app/layout.tsx,@/components/site/SiteFrame,js_import,,3
CWTV-DEP-000045,apps/web/src/app/layout.tsx,@/lib/config/public-env,js_import,,5
CWTV-DEP-000046,apps/web/src/app/layout.tsx,next,js_import,,1
CWTV-DEP-000047,apps/web/src/app/layout.tsx,react,js_import,,2
CWTV-DEP-000048,apps/web/src/app/loading.tsx,./loading.module.css,js_import,,1
CWTV-DEP-000049,apps/web/src/app/lyrics/page.tsx,@/app/r3-page.module.css,js_import,,1
CWTV-DEP-000050,apps/web/src/app/lyrics/page.tsx,@/lib/config/public-env,js_import,,2
CWTV-DEP-000051,apps/web/src/app/manifest.ts,next,js_import,,1
CWTV-DEP-000052,apps/web/src/app/network/[providerId]/page.tsx,@/components/catalog/OrganizationRoute,js_import,,1
CWTV-DEP-000053,apps/web/src/app/networks/page.tsx,@/components/catalog/OrganizationDirectory,js_import,,1
CWTV-DEP-000054,apps/web/src/app/networks/page.tsx,@/lib/config/public-env,js_import,,2
CWTV-DEP-000055,apps/web/src/app/news/page.tsx,@/app/r3-page.module.css,js_import,,2
CWTV-DEP-000056,apps/web/src/app/news/page.tsx,@/lib/config/public-env,js_import,,4
CWTV-DEP-000057,apps/web/src/app/page.tsx,@/components/home/HomepageExperience,js_import,,2
CWTV-DEP-000058,apps/web/src/app/page.tsx,@/lib/config/public-env,js_import,,4
CWTV-DEP-000059,apps/web/src/app/page.tsx,@cinewatch/contracts,js_import,,1
CWTV-DEP-000060,apps/web/src/app/people/page.tsx,@/components/catalog/PeopleDirectory,js_import,,1
CWTV-DEP-000061,apps/web/src/app/people/page.tsx,@/lib/config/public-env,js_import,,2
CWTV-DEP-000062,apps/web/src/app/person/[providerId]/page.tsx,@/components/catalog/PersonDetails,js_import,,2
CWTV-DEP-000063,apps/web/src/app/person/[providerId]/page.tsx,@/components/site/LiveDataFailure,js_import,,4
CWTV-DEP-000064,apps/web/src/app/person/[providerId]/page.tsx,@/lib/api/catalog-client,js_import,,5
CWTV-DEP-000065,apps/web/src/app/person/[providerId]/page.tsx,next/navigation,js_import,,1
CWTV-DEP-000066,apps/web/src/app/provider/[providerId]/page.tsx,@/app/r3-page.module.css,js_import,,5
CWTV-DEP-000067,apps/web/src/app/provider/[providerId]/page.tsx,@/components/site/LiveDataFailure,js_import,,7
CWTV-DEP-000068,apps/web/src/app/provider/[providerId]/page.tsx,@/lib/config/public-env,js_import,,8
CWTV-DEP-000069,apps/web/src/app/provider/[providerId]/page.tsx,next/link,js_import,,2
CWTV-DEP-000070,apps/web/src/app/provider/[providerId]/page.tsx,next/navigation,js_import,,4
CWTV-DEP-000071,apps/web/src/app/robots.ts,next,js_import,,1
CWTV-DEP-000072,apps/web/src/app/scripts/page.tsx,@/app/r3-page.module.css,js_import,,1
CWTV-DEP-000073,apps/web/src/app/scripts/page.tsx,@/lib/config/public-env,js_import,,2
CWTV-DEP-000074,apps/web/src/app/title/[mediaType]/[providerId]/details/page.tsx,@/components/catalog/TitleDetails,js_import,,2
CWTV-DEP-000075,apps/web/src/app/title/[mediaType]/[providerId]/details/page.tsx,@/components/site/LiveDataFailure,js_import,,4
CWTV-DEP-000076,apps/web/src/app/title/[mediaType]/[providerId]/details/page.tsx,@/lib/api/catalog-client,js_import,,5
CWTV-DEP-000077,apps/web/src/app/title/[mediaType]/[providerId]/details/page.tsx,next/navigation,js_import,,1
CWTV-DEP-000078,apps/web/src/app/title/[mediaType]/[providerId]/page.tsx,@/components/catalog/TitleDetails,js_import,,2
CWTV-DEP-000079,apps/web/src/app/title/[mediaType]/[providerId]/page.tsx,@/components/site/LiveDataFailure,js_import,,4
CWTV-DEP-000080,apps/web/src/app/title/[mediaType]/[providerId]/page.tsx,@/lib/api/catalog-client,js_import,,5
CWTV-DEP-000081,apps/web/src/app/title/[mediaType]/[providerId]/page.tsx,next/navigation,js_import,,1
CWTV-DEP-000082,apps/web/src/app/title/[mediaType]/[providerId]/reviews/page.tsx,@/components/catalog/ReviewsPage,js_import,,2
CWTV-DEP-000083,apps/web/src/app/title/[mediaType]/[providerId]/reviews/page.tsx,@/components/site/LiveDataFailure,js_import,,4
CWTV-DEP-000084,apps/web/src/app/title/[mediaType]/[providerId]/reviews/page.tsx,@/lib/api/catalog-client,js_import,,5
CWTV-DEP-000085,apps/web/src/app/title/[mediaType]/[providerId]/reviews/page.tsx,next/navigation,js_import,,1
CWTV-DEP-000086,apps/web/src/app/title/[mediaType]/[providerId]/trailers/page.tsx,@/components/catalog/TitleVideos,js_import,,2
CWTV-DEP-000087,apps/web/src/app/title/[mediaType]/[providerId]/trailers/page.tsx,@/components/site/LiveDataFailure,js_import,,4
CWTV-DEP-000088,apps/web/src/app/title/[mediaType]/[providerId]/trailers/page.tsx,@/lib/api/catalog-client,js_import,,5
CWTV-DEP-000089,apps/web/src/app/title/[mediaType]/[providerId]/trailers/page.tsx,next/navigation,js_import,,1
CWTV-DEP-000090,apps/web/src/app/trailers/page.tsx,@/app/r3-page.module.css,js_import,,3
CWTV-DEP-000091,apps/web/src/app/trailers/page.tsx,@/lib/config/public-env,js_import,,4
CWTV-DEP-000092,apps/web/src/app/trailers/page.tsx,next/link,js_import,,2
CWTV-DEP-000093,apps/web/src/app/under-development/[feature]/page.tsx,@/components/site/UnderDevelopmentPanel,js_import,,1
CWTV-DEP-000094,apps/web/src/app/voice-lab/page.tsx,@/components/voice/VoiceLab,js_import,,1
CWTV-DEP-000095,apps/web/src/app/where-to-watch/page.tsx,@/app/r3-page.module.css,js_import,,2
CWTV-DEP-000096,apps/web/src/app/where-to-watch/page.tsx,@/components/catalog/MediaIdentity,js_import,,4
CWTV-DEP-000097,apps/web/src/app/where-to-watch/page.tsx,@/lib/config/public-env,js_import,,5
CWTV-DEP-000098,apps/web/src/app/where-to-watch/page.tsx,next/link,js_import,,1
CWTV-DEP-000099,apps/web/src/components/catalog/CatalogBrowse.tsx,./CatalogBrowse.module.css,js_import,,6
CWTV-DEP-000100,apps/web/src/components/catalog/CatalogBrowse.tsx,./CatalogCard,js_import,,3
CWTV-DEP-000101,apps/web/src/components/catalog/CatalogBrowse.tsx,./CatalogShared.module.css,js_import,,5
CWTV-DEP-000102,apps/web/src/components/catalog/CatalogBrowse.tsx,@cinewatch/contracts,js_import,,1
CWTV-DEP-000103,apps/web/src/components/catalog/CatalogBrowse.tsx,next/link,js_import,,2
CWTV-DEP-000104,apps/web/src/components/catalog/CatalogCard.tsx,./CatalogShared.module.css,js_import,,7
CWTV-DEP-000105,apps/web/src/components/catalog/CatalogCard.tsx,./MediaIdentity,js_import,,5
CWTV-DEP-000106,apps/web/src/components/catalog/CatalogCard.tsx,@cinewatch/contracts,js_import,,2
CWTV-DEP-000107,apps/web/src/components/catalog/CatalogCard.tsx,next/link,js_import,,4
CWTV-DEP-000108,apps/web/src/components/catalog/GenreCard.tsx,./GenreCard.module.css,js_import,,4
CWTV-DEP-000109,apps/web/src/components/catalog/GenreCard.tsx,@cinewatch/contracts,js_import,,2
CWTV-DEP-000110,apps/web/src/components/catalog/GenreCard.tsx,next/link,js_import,,3
CWTV-DEP-000111,apps/web/src/components/catalog/GenreGallery.tsx,./GenreCard,js_import,,4
CWTV-DEP-000112,apps/web/src/components/catalog/GenreGallery.tsx,./GenreGallery.module.css,js_import,,5
CWTV-DEP-000113,apps/web/src/components/catalog/GenreGallery.tsx,@cinewatch/contracts,js_import,,2
CWTV-DEP-000114,apps/web/src/components/catalog/GenreGallery.tsx,react,js_import,,3
CWTV-DEP-000115,apps/web/src/components/catalog/MediaIdentity.tsx,./MediaIdentity.module.css,js_import,,2
CWTV-DEP-000116,apps/web/src/components/catalog/OrganizationDirectory.tsx,./OrganizationDirectory.module.css,js_import,,5
CWTV-DEP-000117,apps/web/src/components/catalog/OrganizationDirectory.tsx,next/link,js_import,,3
CWTV-DEP-000118,apps/web/src/components/catalog/OrganizationDirectory.tsx,react,js_import,,4
CWTV-DEP-000119,apps/web/src/components/catalog/OrganizationRoute.tsx,./OrganizationDirectory,js_import,,2
CWTV-DEP-000120,apps/web/src/components/catalog/OrganizationRoute.tsx,@/lib/config/public-env,js_import,,3
CWTV-DEP-000121,apps/web/src/components/catalog/OrganizationRoute.tsx,next/navigation,js_import,,1
CWTV-DEP-000122,apps/web/src/components/catalog/PeopleDirectory.tsx,./PeopleDirectory.module.css,js_import,,5
CWTV-DEP-000123,apps/web/src/components/catalog/PeopleDirectory.tsx,next/link,js_import,,3
CWTV-DEP-000124,apps/web/src/components/catalog/PeopleDirectory.tsx,react,js_import,,4
CWTV-DEP-000125,apps/web/src/components/catalog/PersonDetails.tsx,./PersonDetails.module.css,js_import,,7
CWTV-DEP-000126,apps/web/src/components/catalog/PersonDetails.tsx,@/components/news/RelatedNews,js_import,,5
CWTV-DEP-000127,apps/web/src/components/catalog/PersonDetails.tsx,@cinewatch/contracts,js_import,,2
CWTV-DEP-000128,apps/web/src/components/catalog/PersonDetails.tsx,next/link,js_import,,4
CWTV-DEP-000129,apps/web/src/components/catalog/ReviewsPage.tsx,./MediaIdentity,js_import,,3
CWTV-DEP-000130,apps/web/src/components/catalog/ReviewsPage.tsx,./ReviewsPage.module.css,js_import,,5
CWTV-DEP-000131,apps/web/src/components/catalog/ReviewsPage.tsx,@cinewatch/contracts,js_import,,1
CWTV-DEP-000132,apps/web/src/components/catalog/ReviewsPage.tsx,next/link,js_import,,2
CWTV-DEP-000133,apps/web/src/components/catalog/TitleDetails.tsx,./CatalogCard,js_import,,9
CWTV-DEP-000134,apps/web/src/components/catalog/TitleDetails.tsx,./MediaIdentity,js_import,,11
CWTV-DEP-000135,apps/web/src/components/catalog/TitleDetails.tsx,./TitleDetails.module.css,js_import,,12
CWTV-DEP-000136,apps/web/src/components/catalog/TitleDetails.tsx,@/components/news/RelatedNews,js_import,,7
CWTV-DEP-000137,apps/web/src/components/catalog/TitleDetails.tsx,@cinewatch/contracts,js_import,,3
CWTV-DEP-000138,apps/web/src/components/catalog/TitleDetails.tsx,next/link,js_import,,5
CWTV-DEP-000139,apps/web/src/components/catalog/TitleDetails.tsx,react,js_import,,6
CWTV-DEP-000140,apps/web/src/components/catalog/TitleVideos.tsx,./TitleVideos.module.css,js_import,,6
CWTV-DEP-000141,apps/web/src/components/catalog/TitleVideos.tsx,next/link,js_import,,3
CWTV-DEP-000142,apps/web/src/components/catalog/TitleVideos.tsx,react,js_import,,5
CWTV-DEP-000143,apps/web/src/components/home/HomepageExperience.tsx,./HomepageExperience.module.css,js_import,,18
CWTV-DEP-000144,apps/web/src/components/home/HomepageExperience.tsx,@/components/catalog/GenreCard,js_import,,17
CWTV-DEP-000145,apps/web/src/components/home/HomepageExperience.tsx,@/components/catalog/MediaIdentity,js_import,,15
CWTV-DEP-000146,apps/web/src/components/home/HomepageExperience.tsx,next/link,js_import,,13
CWTV-DEP-000147,apps/web/src/components/home/HomepageExperience.tsx,react,js_import,,14
CWTV-DEP-000148,apps/web/src/components/news/RelatedNews.tsx,./RelatedNews.module.css,js_import,,5
CWTV-DEP-000149,apps/web/src/components/news/RelatedNews.tsx,react,js_import,,3
CWTV-DEP-000150,apps/web/src/components/site/LiveDataFailure.tsx,@/app/r3-page.module.css,js_import,,2
CWTV-DEP-000151,apps/web/src/components/site/LiveDataFailure.tsx,next/link,js_import,,1
CWTV-DEP-000152,apps/web/src/components/site/SiteFrame.tsx,./SiteFrame.module.css,js_import,,8
CWTV-DEP-000153,apps/web/src/components/site/SiteFrame.tsx,next/link,js_import,,3
CWTV-DEP-000154,apps/web/src/components/site/SiteFrame.tsx,next/navigation,js_import,,5
CWTV-DEP-000155,apps/web/src/components/site/SiteFrame.tsx,react,js_import,,6
CWTV-DEP-000156,apps/web/src/components/site/SiteFrame.tsx,react,js_import,,7
CWTV-DEP-000157,apps/web/src/components/site/UnderDevelopmentPanel.tsx,@/app/r3-page.module.css,js_import,,5
CWTV-DEP-000158,apps/web/src/components/site/UnderDevelopmentPanel.tsx,next/link,js_import,,2
CWTV-DEP-000159,apps/web/src/components/site/UnderDevelopmentPanel.tsx,next/navigation,js_import,,4
CWTV-DEP-000160,apps/web/src/components/voice/VoiceLab.tsx,./VoiceLab.module.css,js_import,,4
CWTV-DEP-000161,apps/web/src/components/voice/VoiceLab.tsx,react,js_import,,2
CWTV-DEP-000162,apps/web/src/lib/api/catalog-client.ts,@/lib/config/public-env,js_import,,7
CWTV-DEP-000163,apps/web/src/lib/api/system-client.ts,@/lib/config/public-env,js_import,,2
CWTV-DEP-000164,apps/web/src/lib/api/system-client.ts,@cinewatch/contracts,js_import,,1
CWTV-DEP-000165,packages/contracts/package.json,openapi-typescript,npm_devDependencies,7.13.0,
CWTV-DEP-000166,packages/contracts/src/index.d.ts,./generated/openapi,js_import,,1
CWTV-DEP-000167,packages/contracts/src/index.d.ts,./generated/openapi,js_import,,2
CWTV-DEP-000168,scripts/bootstrap_engineering_chronicle.py,__future__,python_import_from,,4
CWTV-DEP-000169,scripts/bootstrap_engineering_chronicle.py,argparse,python_import,,6
CWTV-DEP-000170,scripts/bootstrap_engineering_chronicle.py,chronicle_core,python_import_from,,12
CWTV-DEP-000171,scripts/bootstrap_engineering_chronicle.py,pathlib,python_import_from,,9
CWTV-DEP-000172,scripts/bootstrap_engineering_chronicle.py,subprocess,python_import,,7
CWTV-DEP-000173,scripts/bootstrap_engineering_chronicle.py,sys,python_import,,8
CWTV-DEP-000174,scripts/bootstrap_engineering_chronicle.py,typing,python_import_from,,10
CWTV-DEP-000175,scripts/build_nexvox_engineering_corpus.py,__future__,python_import_from,,2
CWTV-DEP-000176,scripts/build_nexvox_engineering_corpus.py,argparse,python_import,,4
CWTV-DEP-000177,scripts/build_nexvox_engineering_corpus.py,ast,python_import,,5
CWTV-DEP-000178,scripts/build_nexvox_engineering_corpus.py,collections,python_import_from,,15
CWTV-DEP-000179,scripts/build_nexvox_engineering_corpus.py,csv,python_import,,6
CWTV-DEP-000180,scripts/build_nexvox_engineering_corpus.py,dataclasses,python_import_from,,16
CWTV-DEP-000181,scripts/build_nexvox_engineering_corpus.py,datetime,python_import_from,,17
CWTV-DEP-000182,scripts/build_nexvox_engineering_corpus.py,hashlib,python_import,,7
CWTV-DEP-000183,scripts/build_nexvox_engineering_corpus.py,io,python_import,,8
CWTV-DEP-000184,scripts/build_nexvox_engineering_corpus.py,json,python_import,,9
CWTV-DEP-000185,scripts/build_nexvox_engineering_corpus.py,os,python_import,,10
CWTV-DEP-000186,scripts/build_nexvox_engineering_corpus.py,pathlib,python_import_from,,18
CWTV-DEP-000187,scripts/build_nexvox_engineering_corpus.py,re,python_import,,11
CWTV-DEP-000188,scripts/build_nexvox_engineering_corpus.py,subprocess,python_import,,12
CWTV-DEP-000189,scripts/build_nexvox_engineering_corpus.py,sys,python_import,,13
CWTV-DEP-000190,scripts/build_nexvox_engineering_corpus.py,tomllib,python_import,,14
CWTV-DEP-000191,scripts/build_nexvox_engineering_pdf.py,__future__,python_import_from,,2
CWTV-DEP-000192,scripts/build_nexvox_engineering_pdf.py,argparse,python_import,,4
CWTV-DEP-000193,scripts/build_nexvox_engineering_pdf.py,pathlib,python_import_from,,7
CWTV-DEP-000194,scripts/build_nexvox_engineering_pdf.py,re,python_import,,5
CWTV-DEP-000195,scripts/build_nexvox_engineering_pdf.py,reportlab.lib.enums,python_import_from,,36
CWTV-DEP-000196,scripts/build_nexvox_engineering_pdf.py,reportlab.lib.pagesizes,python_import_from,,37
CWTV-DEP-000197,scripts/build_nexvox_engineering_pdf.py,reportlab.lib.styles,python_import_from,,38
CWTV-DEP-000198,scripts/build_nexvox_engineering_pdf.py,reportlab.lib.units,python_import_from,,39
CWTV-DEP-000199,scripts/build_nexvox_engineering_pdf.py,reportlab.platypus,python_import_from,,40
CWTV-DEP-000200,scripts/build_nexvox_engineering_pdf.py,sys,python_import,,6
CWTV-DEP-000201,scripts/build_progress_dashboard.py,__future__,python_import_from,,4
CWTV-DEP-000202,scripts/build_progress_dashboard.py,argparse,python_import,,6
CWTV-DEP-000203,scripts/build_progress_dashboard.py,chronicle_core,python_import_from,,14
CWTV-DEP-000204,scripts/build_progress_dashboard.py,collections,python_import_from,,9
CWTV-DEP-000205,scripts/build_progress_dashboard.py,datetime,python_import_from,,10
CWTV-DEP-000206,scripts/build_progress_dashboard.py,json,python_import,,7
CWTV-DEP-000207,scripts/build_progress_dashboard.py,pathlib,python_import_from,,11
CWTV-DEP-000208,scripts/build_progress_dashboard.py,sys,python_import,,8
CWTV-DEP-000209,scripts/build_progress_dashboard.py,typing,python_import_from,,12
CWTV-DEP-000210,scripts/check_a3_master_geometry_parameterization.py,__future__,python_import_from,,4
CWTV-DEP-000211,scripts/check_a3_master_geometry_parameterization.py,argparse,python_import,,6
CWTV-DEP-000212,scripts/check_a3_master_geometry_parameterization.py,hashlib,python_import,,7
CWTV-DEP-000213,scripts/check_a3_master_geometry_parameterization.py,json,python_import,,8
CWTV-DEP-000214,scripts/check_a3_master_geometry_parameterization.py,math,python_import,,9
CWTV-DEP-000215,scripts/check_a3_master_geometry_parameterization.py,pathlib,python_import_from,,11
CWTV-DEP-000216,scripts/check_a3_master_geometry_parameterization.py,sys,python_import,,10
CWTV-DEP-000217,scripts/check_backend_skeleton.py,__future__,python_import_from,,4
CWTV-DEP-000218,scripts/check_backend_skeleton.py,pathlib,python_import_from,,8
CWTV-DEP-000219,scripts/check_backend_skeleton.py,sys,python_import,,6
CWTV-DEP-000220,scripts/check_backend_skeleton.py,tomllib,python_import,,7
CWTV-DEP-000221,scripts/check_brand_streaming_signature_selection.py,__future__,python_import_from,,4
CWTV-DEP-000222,scripts/check_brand_streaming_signature_selection.py,argparse,python_import,,6
CWTV-DEP-000223,scripts/check_brand_streaming_signature_selection.py,hashlib,python_import,,7
CWTV-DEP-000224,scripts/check_brand_streaming_signature_selection.py,json,python_import,,8
CWTV-DEP-000225,scripts/check_brand_streaming_signature_selection.py,pathlib,python_import_from,,11
CWTV-DEP-000226,scripts/check_brand_streaming_signature_selection.py,struct,python_import,,9
CWTV-DEP-000227,scripts/check_brand_streaming_signature_selection.py,sys,python_import,,10
CWTV-DEP-000228,scripts/check_catalog_experience.py,__future__,python_import_from,,4
CWTV-DEP-000229,scripts/check_catalog_experience.py,json,python_import,,6
CWTV-DEP-000230,scripts/check_catalog_experience.py,pathlib,python_import_from,,8
CWTV-DEP-000231,scripts/check_catalog_experience.py,sys,python_import,,7
CWTV-DEP-000232,scripts/check_ci_security_quality.py,__future__,python_import_from,,4
CWTV-DEP-000233,scripts/check_ci_security_quality.py,argparse,python_import,,6
CWTV-DEP-000234,scripts/check_ci_security_quality.py,json,python_import,,7
CWTV-DEP-000235,scripts/check_ci_security_quality.py,pathlib,python_import_from,,11
CWTV-DEP-000236,scripts/check_ci_security_quality.py,re,python_import,,8
CWTV-DEP-000237,scripts/check_ci_security_quality.py,subprocess,python_import,,9
CWTV-DEP-000238,scripts/check_ci_security_quality.py,sys,python_import,,10
CWTV-DEP-000239,scripts/check_contract_foundation.py,__future__,python_import_from,,4
CWTV-DEP-000240,scripts/check_contract_foundation.py,json,python_import,,6
CWTV-DEP-000241,scripts/check_contract_foundation.py,pathlib,python_import_from,,9
CWTV-DEP-000242,scripts/check_contract_foundation.py,re,python_import,,7
CWTV-DEP-000243,scripts/check_contract_foundation.py,sys,python_import,,8
CWTV-DEP-000244,scripts/check_database_foundation.py,__future__,python_import_from,,4
CWTV-DEP-000245,scripts/check_database_foundation.py,pathlib,python_import_from,,6
CWTV-DEP-000246,scripts/check_engineering_chronicle.py,__future__,python_import_from,,4
CWTV-DEP-000247,scripts/check_engineering_chronicle.py,argparse,python_import,,6
CWTV-DEP-000248,scripts/check_engineering_chronicle.py,chronicle_core,python_import_from,,12
CWTV-DEP-000249,scripts/check_engineering_chronicle.py,json,python_import,,7
CWTV-DEP-000250,scripts/check_engineering_chronicle.py,pathlib,python_import_from,,10
CWTV-DEP-000251,scripts/check_engineering_chronicle.py,subprocess,python_import,,8
CWTV-DEP-000252,scripts/check_engineering_chronicle.py,sys,python_import,,9
CWTV-DEP-000253,scripts/check_frontend_skeleton.py,__future__,python_import_from,,2
CWTV-DEP-000254,scripts/check_frontend_skeleton.py,json,python_import,,4
CWTV-DEP-000255,scripts/check_frontend_skeleton.py,pathlib,python_import_from,,7
CWTV-DEP-000256,scripts/check_frontend_skeleton.py,re,python_import,,5
CWTV-DEP-000257,scripts/check_frontend_skeleton.py,sys,python_import,,6
CWTV-DEP-000258,scripts/check_homepage_data_foundation.py,__future__,python_import_from,,4
CWTV-DEP-000259,scripts/check_homepage_data_foundation.py,json,python_import,,6
CWTV-DEP-000260,scripts/check_homepage_data_foundation.py,pathlib,python_import_from,,8
CWTV-DEP-000261,scripts/check_homepage_data_foundation.py,sys,python_import,,7
CWTV-DEP-000262,scripts/check_homepage_experience.py,__future__,python_import_from,,4
CWTV-DEP-000263,scripts/check_homepage_experience.py,json,python_import,,6
CWTV-DEP-000264,scripts/check_homepage_experience.py,pathlib,python_import_from,,8
CWTV-DEP-000265,scripts/check_homepage_experience.py,sys,python_import,,7
CWTV-DEP-000266,scripts/check_nexvox_engineering_corpus.py,__future__,python_import_from,,2
CWTV-DEP-000267,scripts/check_nexvox_engineering_corpus.py,csv,python_import,,4
CWTV-DEP-000268,scripts/check_nexvox_engineering_corpus.py,hashlib,python_import,,5
CWTV-DEP-000269,scripts/check_nexvox_engineering_corpus.py,json,python_import,,6
CWTV-DEP-000270,scripts/check_nexvox_engineering_corpus.py,os,python_import,,7
CWTV-DEP-000271,scripts/check_nexvox_engineering_corpus.py,pathlib,python_import_from,,13
CWTV-DEP-000272,scripts/check_nexvox_engineering_corpus.py,re,python_import,,8
CWTV-DEP-000273,scripts/check_nexvox_engineering_corpus.py,shutil,python_import,,9
CWTV-DEP-000274,scripts/check_nexvox_engineering_corpus.py,subprocess,python_import,,10
CWTV-DEP-000275,scripts/check_nexvox_engineering_corpus.py,sys,python_import,,11
CWTV-DEP-000276,scripts/check_nexvox_engineering_corpus.py,tempfile,python_import,,12
CWTV-DEP-000277,scripts/check_production_brand_assets.py,__future__,python_import_from,,2
CWTV-DEP-000278,scripts/check_production_brand_assets.py,hashlib,python_import,,4
CWTV-DEP-000279,scripts/check_production_brand_assets.py,json,python_import,,5
CWTV-DEP-000280,scripts/check_production_brand_assets.py,pathlib,python_import_from,,9
CWTV-DEP-000281,scripts/check_production_brand_assets.py,struct,python_import,,6
CWTV-DEP-000282,scripts/check_production_brand_assets.py,sys,python_import,,7
CWTV-DEP-000283,scripts/check_production_brand_assets.py,xml.etree.ElementTree,python_import,,8
CWTV-DEP-000284,scripts/check_provider_runtime.py,__future__,python_import_from,,4
CWTV-DEP-000285,scripts/check_provider_runtime.py,cinewatch_api.media.fallbacks,python_import_from,,17
CWTV-DEP-000286,scripts/check_provider_runtime.py,json,python_import,,6
CWTV-DEP-000287,scripts/check_provider_runtime.py,pathlib,python_import_from,,11
CWTV-DEP-000288,scripts/check_provider_runtime.py,re,python_import,,7
CWTV-DEP-000289,scripts/check_provider_runtime.py,subprocess,python_import,,8
CWTV-DEP-000290,scripts/check_provider_runtime.py,sys,python_import,,9
CWTV-DEP-000291,scripts/check_provider_runtime.py,tomllib,python_import,,10
CWTV-DEP-000292,scripts/check_refinement_regression.py,__future__,python_import_from,,9
CWTV-DEP-000293,scripts/check_refinement_regression.py,pathlib,python_import_from,,12
CWTV-DEP-000294,scripts/check_refinement_regression.py,sys,python_import,,11
CWTV-DEP-000295,scripts/check_repository_tree.py,__future__,python_import_from,,2
CWTV-DEP-000296,scripts/check_repository_tree.py,json,python_import,,4
CWTV-DEP-000297,scripts/check_repository_tree.py,pathlib,python_import_from,,7
CWTV-DEP-000298,scripts/check_repository_tree.py,sys,python_import,,5
CWTV-DEP-000299,scripts/check_repository_tree.py,tomllib,python_import,,6
CWTV-DEP-000300,scripts/check_termux_linux_workflow.py,__future__,python_import_from,,4
CWTV-DEP-000301,scripts/check_termux_linux_workflow.py,argparse,python_import,,6
CWTV-DEP-000302,scripts/check_termux_linux_workflow.py,pathlib,python_import_from,,10
CWTV-DEP-000303,scripts/check_termux_linux_workflow.py,re,python_import,,7
CWTV-DEP-000304,scripts/check_termux_linux_workflow.py,subprocess,python_import,,8
CWTV-DEP-000305,scripts/check_termux_linux_workflow.py,sys,python_import,,9
CWTV-DEP-000306,scripts/check_trailer_navigation_runtime.py,__future__,python_import_from,,8
CWTV-DEP-000307,scripts/check_trailer_navigation_runtime.py,cinewatch_api.api.v1,python_import_from,,29
CWTV-DEP-000308,scripts/check_trailer_navigation_runtime.py,cinewatch_api.application,python_import_from,,30
CWTV-DEP-000309,scripts/check_trailer_navigation_runtime.py,cinewatch_api.catalog.service,python_import_from,,31
CWTV-DEP-000310,scripts/check_trailer_navigation_runtime.py,cinewatch_api.contracts.catalog,python_import_from,,32
CWTV-DEP-000311,scripts/check_trailer_navigation_runtime.py,cinewatch_api.settings,python_import_from,,33
CWTV-DEP-000312,scripts/check_trailer_navigation_runtime.py,html.parser,python_import_from,,20
CWTV-DEP-000313,scripts/check_trailer_navigation_runtime.py,json,python_import,,10
CWTV-DEP-000314,scripts/check_trailer_navigation_runtime.py,os,python_import,,11
CWTV-DEP-000315,scripts/check_trailer_navigation_runtime.py,pathlib,python_import_from,,12
CWTV-DEP-000316,scripts/check_trailer_navigation_runtime.py,signal,python_import,,13
CWTV-DEP-000317,scripts/check_trailer_navigation_runtime.py,socket,python_import,,14
CWTV-DEP-000318,scripts/check_trailer_navigation_runtime.py,subprocess,python_import,,15
CWTV-DEP-000319,scripts/check_trailer_navigation_runtime.py,sys,python_import,,16
CWTV-DEP-000320,scripts/check_trailer_navigation_runtime.py,tempfile,python_import,,17
CWTV-DEP-000321,scripts/check_trailer_navigation_runtime.py,test_trailer_navigation,python_import_from,,28
CWTV-DEP-000322,scripts/check_trailer_navigation_runtime.py,threading,python_import,,18
CWTV-DEP-000323,scripts/check_trailer_navigation_runtime.py,time,python_import,,19
CWTV-DEP-000324,scripts/check_trailer_navigation_runtime.py,urllib.parse,python_import_from,,21
CWTV-DEP-000325,scripts/check_trailer_navigation_runtime.py,urllib.request,python_import_from,,22
CWTV-DEP-000326,scripts/check_trailer_navigation_runtime.py,uvicorn,python_import,,24
CWTV-DEP-000327,scripts/chronicle_core.py,__future__,python_import_from,,4
CWTV-DEP-000328,scripts/chronicle_core.py,datetime,python_import_from,,9
CWTV-DEP-000329,scripts/chronicle_core.py,hashlib,python_import,,6
CWTV-DEP-000330,scripts/chronicle_core.py,json,python_import,,7
CWTV-DEP-000331,scripts/chronicle_core.py,pathlib,python_import_from,,10
CWTV-DEP-000332,scripts/chronicle_core.py,re,python_import,,8
CWTV-DEP-000333,scripts/chronicle_core.py,typing,python_import_from,,11
CWTV-DEP-000334,scripts/diagnose_provider_identity.py,__future__,python_import_from,,8
CWTV-DEP-000335,scripts/diagnose_provider_identity.py,asyncio,python_import,,10
CWTV-DEP-000336,scripts/diagnose_provider_identity.py,cinewatch_api.providers.apify,python_import_from,,13
CWTV-DEP-000337,scripts/diagnose_provider_identity.py,cinewatch_api.providers.stands4,python_import_from,,14
CWTV-DEP-000338,scripts/diagnose_provider_identity.py,cinewatch_api.settings,python_import_from,,15
CWTV-DEP-000339,scripts/diagnose_provider_identity.py,collections,python_import_from,,11
CWTV-DEP-000340,scripts/diagnose_stands4_final_candidates.py,__future__,python_import_from,,15
CWTV-DEP-000341,scripts/diagnose_stands4_final_candidates.py,asyncio,python_import,,17
CWTV-DEP-000342,scripts/diagnose_stands4_final_candidates.py,cinewatch_api.providers.stands4,python_import_from,,23
CWTV-DEP-000343,scripts/diagnose_stands4_final_candidates.py,cinewatch_api.settings,python_import_from,,24
CWTV-DEP-000344,scripts/diagnose_stands4_final_candidates.py,collections,python_import_from,,20
CWTV-DEP-000345,scripts/diagnose_stands4_final_candidates.py,re,python_import,,18
CWTV-DEP-000346,scripts/diagnose_stands4_final_candidates.py,unicodedata,python_import,,19
CWTV-DEP-000347,scripts/diagnose_stands4_final_candidates.py,urllib.parse,python_import_from,,21
CWTV-DEP-000348,scripts/export_openapi_contract.py,__future__,python_import_from,,4
CWTV-DEP-000349,scripts/export_openapi_contract.py,argparse,python_import,,6
CWTV-DEP-000350,scripts/export_openapi_contract.py,cinewatch_api.application,python_import_from,,20
CWTV-DEP-000351,scripts/export_openapi_contract.py,cinewatch_api.settings,python_import_from,,21
CWTV-DEP-000352,scripts/export_openapi_contract.py,json,python_import,,7
CWTV-DEP-000353,scripts/export_openapi_contract.py,pathlib,python_import_from,,9
CWTV-DEP-000354,scripts/export_openapi_contract.py,sys,python_import,,8
CWTV-DEP-000355,scripts/probe_live_providers.py,__future__,python_import_from,,8
CWTV-DEP-000356,scripts/probe_live_providers.py,asyncio,python_import,,10
CWTV-DEP-000357,scripts/probe_live_providers.py,cinewatch_api.external.service,python_import_from,,17
CWTV-DEP-000358,scripts/probe_live_providers.py,cinewatch_api.providers.apify,python_import_from,,18
CWTV-DEP-000359,scripts/probe_live_providers.py,cinewatch_api.providers.kinocheck,python_import_from,,19
CWTV-DEP-000360,scripts/probe_live_providers.py,cinewatch_api.providers.newsapi,python_import_from,,20
CWTV-DEP-000361,scripts/probe_live_providers.py,cinewatch_api.providers.omdb,python_import_from,,21
CWTV-DEP-000362,scripts/probe_live_providers.py,cinewatch_api.providers.stands4,python_import_from,,22
CWTV-DEP-000363,scripts/probe_live_providers.py,cinewatch_api.providers.tmdb,python_import_from,,23
CWTV-DEP-000364,scripts/probe_live_providers.py,cinewatch_api.providers.watchmode,python_import_from,,24
CWTV-DEP-000365,scripts/probe_live_providers.py,cinewatch_api.settings,python_import_from,,25
CWTV-DEP-000366,scripts/probe_live_providers.py,collections.abc,python_import_from,,12
CWTV-DEP-000367,scripts/probe_live_providers.py,datetime,python_import_from,,13
CWTV-DEP-000368,scripts/probe_live_providers.py,json,python_import,,11
CWTV-DEP-000369,scripts/probe_live_providers.py,pathlib,python_import_from,,14
CWTV-DEP-000370,scripts/probe_live_providers.py,typing,python_import_from,,15
CWTV-DEP-000371,scripts/probe_provider_runtime.py,__future__,python_import_from,,4
CWTV-DEP-000372,scripts/probe_provider_runtime.py,argparse,python_import,,6
CWTV-DEP-000373,scripts/probe_provider_runtime.py,asyncio,python_import,,7
CWTV-DEP-000374,scripts/probe_provider_runtime.py,cinewatch_api.providers.errors,python_import_from,,15
CWTV-DEP-000375,scripts/probe_provider_runtime.py,cinewatch_api.providers.omdb,python_import_from,,16
CWTV-DEP-000376,scripts/probe_provider_runtime.py,cinewatch_api.providers.tmdb,python_import_from,,17
CWTV-DEP-000377,scripts/probe_provider_runtime.py,cinewatch_api.settings,python_import_from,,18
CWTV-DEP-000378,scripts/probe_provider_runtime.py,pathlib,python_import_from,,9
CWTV-DEP-000379,scripts/probe_provider_runtime.py,sys,python_import,,8
CWTV-DEP-000380,scripts/reconcile_provider_fallbacks.py,__future__,python_import_from,,4
CWTV-DEP-000381,scripts/reconcile_provider_fallbacks.py,argparse,python_import,,6
CWTV-DEP-000382,scripts/reconcile_provider_fallbacks.py,hashlib,python_import,,7
CWTV-DEP-000383,scripts/reconcile_provider_fallbacks.py,json,python_import,,8
CWTV-DEP-000384,scripts/reconcile_provider_fallbacks.py,pathlib,python_import_from,,11
CWTV-DEP-000385,scripts/reconcile_provider_fallbacks.py,re,python_import,,9
CWTV-DEP-000386,scripts/reconcile_provider_fallbacks.py,sys,python_import,,10
CWTV-DEP-000387,scripts/record_engineering_activity.py,__future__,python_import_from,,4
CWTV-DEP-000388,scripts/record_engineering_activity.py,argparse,python_import,,6
CWTV-DEP-000389,scripts/record_engineering_activity.py,chronicle_core,python_import_from,,13
CWTV-DEP-000390,scripts/record_engineering_activity.py,json,python_import,,7
CWTV-DEP-000391,scripts/record_engineering_activity.py,pathlib,python_import_from,,10
CWTV-DEP-000392,scripts/record_engineering_activity.py,subprocess,python_import,,8
CWTV-DEP-000393,scripts/record_engineering_activity.py,sys,python_import,,9
CWTV-DEP-000394,scripts/record_engineering_activity.py,typing,python_import_from,,11
CWTV-DEP-000395,scripts/run_and_record.py,__future__,python_import_from,,4
CWTV-DEP-000396,scripts/run_and_record.py,argparse,python_import,,6
CWTV-DEP-000397,scripts/run_and_record.py,chronicle_core,python_import_from,,13
CWTV-DEP-000398,scripts/run_and_record.py,pathlib,python_import_from,,11
CWTV-DEP-000399,scripts/run_and_record.py,shlex,python_import,,7
CWTV-DEP-000400,scripts/run_and_record.py,subprocess,python_import,,8
CWTV-DEP-000401,scripts/run_and_record.py,sys,python_import,,9
CWTV-DEP-000402,scripts/run_and_record.py,time,python_import,,10
CWTV-DEP-000403,services/api/cinewatch_api/api/system.py,cinewatch_api.api.system_state,python_import_from,,5
CWTV-DEP-000404,services/api/cinewatch_api/api/system.py,cinewatch_api.contracts.system,python_import_from,,6
CWTV-DEP-000405,services/api/cinewatch_api/api/system.py,fastapi,python_import_from,,3
CWTV-DEP-000406,services/api/cinewatch_api/api/system_state.py,cinewatch_api.contracts.system,python_import_from,,5
CWTV-DEP-000407,services/api/cinewatch_api/api/system_state.py,cinewatch_api.settings,python_import_from,,6
CWTV-DEP-000408,services/api/cinewatch_api/api/system_state.py,fastapi,python_import_from,,3
CWTV-DEP-000409,services/api/cinewatch_api/api/v1/catalog.py,__future__,python_import_from,,3
CWTV-DEP-000410,services/api/cinewatch_api/api/v1/catalog.py,cinewatch_api.api.v1.media_authority,python_import_from,,10
CWTV-DEP-000411,services/api/cinewatch_api/api/v1/catalog.py,cinewatch_api.catalog,python_import_from,,9
CWTV-DEP-000412,services/api/cinewatch_api/api/v1/catalog.py,cinewatch_api.contracts.catalog,python_import_from,,11
CWTV-DEP-000413,services/api/cinewatch_api/api/v1/catalog.py,cinewatch_api.errors,python_import_from,,20
CWTV-DEP-000414,services/api/cinewatch_api/api/v1/catalog.py,cinewatch_api.providers.errors,python_import_from,,21
CWTV-DEP-000415,services/api/cinewatch_api/api/v1/catalog.py,cinewatch_api.providers.omdb,python_import_from,,22
CWTV-DEP-000416,services/api/cinewatch_api/api/v1/catalog.py,cinewatch_api.providers.tmdb,python_import_from,,23
CWTV-DEP-000417,services/api/cinewatch_api/api/v1/catalog.py,cinewatch_api.settings,python_import_from,,24
CWTV-DEP-000418,services/api/cinewatch_api/api/v1/catalog.py,fastapi,python_import_from,,7
CWTV-DEP-000419,services/api/cinewatch_api/api/v1/catalog.py,typing,python_import_from,,5
CWTV-DEP-000420,services/api/cinewatch_api/api/v1/directories.py,__future__,python_import_from,,2
CWTV-DEP-000421,services/api/cinewatch_api/api/v1/directories.py,cinewatch_api.api.v1.media_authority,python_import_from,,7
CWTV-DEP-000422,services/api/cinewatch_api/api/v1/directories.py,cinewatch_api.catalog.directories,python_import_from,,8
CWTV-DEP-000423,services/api/cinewatch_api/api/v1/directories.py,cinewatch_api.contracts.directories,python_import_from,,9
CWTV-DEP-000424,services/api/cinewatch_api/api/v1/directories.py,cinewatch_api.errors,python_import_from,,10
CWTV-DEP-000425,services/api/cinewatch_api/api/v1/directories.py,cinewatch_api.providers.errors,python_import_from,,11
CWTV-DEP-000426,services/api/cinewatch_api/api/v1/directories.py,cinewatch_api.providers.tmdb,python_import_from,,12
CWTV-DEP-000427,services/api/cinewatch_api/api/v1/directories.py,cinewatch_api.settings,python_import_from,,13
CWTV-DEP-000428,services/api/cinewatch_api/api/v1/directories.py,fastapi,python_import_from,,5
CWTV-DEP-000429,services/api/cinewatch_api/api/v1/directories.py,typing,python_import_from,,4
CWTV-DEP-000430,services/api/cinewatch_api/api/v1/external.py,__future__,python_import_from,,3
CWTV-DEP-000431,services/api/cinewatch_api/api/v1/external.py,cinewatch_api.contracts.external,python_import_from,,9
CWTV-DEP-000432,services/api/cinewatch_api/api/v1/external.py,cinewatch_api.errors,python_import_from,,15
CWTV-DEP-000433,services/api/cinewatch_api/api/v1/external.py,cinewatch_api.external.service,python_import_from,,16
CWTV-DEP-000434,services/api/cinewatch_api/api/v1/external.py,cinewatch_api.providers.apify,python_import_from,,17
CWTV-DEP-000435,services/api/cinewatch_api/api/v1/external.py,cinewatch_api.providers.errors,python_import_from,,18
CWTV-DEP-000436,services/api/cinewatch_api/api/v1/external.py,cinewatch_api.providers.kinocheck,python_import_from,,19
CWTV-DEP-000437,services/api/cinewatch_api/api/v1/external.py,cinewatch_api.providers.stands4,python_import_from,,20
CWTV-DEP-000438,services/api/cinewatch_api/api/v1/external.py,cinewatch_api.providers.watchmode,python_import_from,,21
CWTV-DEP-000439,services/api/cinewatch_api/api/v1/external.py,cinewatch_api.settings,python_import_from,,22
CWTV-DEP-000440,services/api/cinewatch_api/api/v1/external.py,fastapi,python_import_from,,7
CWTV-DEP-000441,services/api/cinewatch_api/api/v1/external.py,typing,python_import_from,,5
CWTV-DEP-000442,services/api/cinewatch_api/api/v1/home.py,__future__,python_import_from,,3
CWTV-DEP-000443,services/api/cinewatch_api/api/v1/home.py,cinewatch_api.api.v1.media_authority,python_import_from,,12
CWTV-DEP-000444,services/api/cinewatch_api/api/v1/home.py,cinewatch_api.contracts.home,python_import_from,,9
CWTV-DEP-000445,services/api/cinewatch_api/api/v1/home.py,cinewatch_api.errors,python_import_from,,10
CWTV-DEP-000446,services/api/cinewatch_api/api/v1/home.py,cinewatch_api.home.aggregation,python_import_from,,11
CWTV-DEP-000447,services/api/cinewatch_api/api/v1/home.py,cinewatch_api.providers.errors,python_import_from,,13
CWTV-DEP-000448,services/api/cinewatch_api/api/v1/home.py,cinewatch_api.providers.tmdb,python_import_from,,14
CWTV-DEP-000449,services/api/cinewatch_api/api/v1/home.py,cinewatch_api.settings,python_import_from,,15
CWTV-DEP-000450,services/api/cinewatch_api/api/v1/home.py,fastapi,python_import_from,,7
CWTV-DEP-000451,services/api/cinewatch_api/api/v1/home.py,typing,python_import_from,,5
CWTV-DEP-000452,services/api/cinewatch_api/api/v1/home_experience.py,__future__,python_import_from,,3
CWTV-DEP-000453,services/api/cinewatch_api/api/v1/home_experience.py,cinewatch_api.contracts.home_experience,python_import_from,,9
CWTV-DEP-000454,services/api/cinewatch_api/api/v1/home_experience.py,cinewatch_api.errors,python_import_from,,16
CWTV-DEP-000455,services/api/cinewatch_api/api/v1/home_experience.py,cinewatch_api.home.experience,python_import_from,,17
CWTV-DEP-000456,services/api/cinewatch_api/api/v1/home_experience.py,cinewatch_api.providers.errors,python_import_from,,18
CWTV-DEP-000457,services/api/cinewatch_api/api/v1/home_experience.py,cinewatch_api.providers.omdb,python_import_from,,19
CWTV-DEP-000458,services/api/cinewatch_api/api/v1/home_experience.py,cinewatch_api.providers.tmdb,python_import_from,,20
CWTV-DEP-000459,services/api/cinewatch_api/api/v1/home_experience.py,cinewatch_api.settings,python_import_from,,21
CWTV-DEP-000460,services/api/cinewatch_api/api/v1/home_experience.py,fastapi,python_import_from,,7
CWTV-DEP-000461,services/api/cinewatch_api/api/v1/home_experience.py,typing,python_import_from,,5
CWTV-DEP-000462,services/api/cinewatch_api/api/v1/media_authority.py,__future__,python_import_from,,3
CWTV-DEP-000463,services/api/cinewatch_api/api/v1/media_authority.py,cinewatch_api.database.engine,python_import_from,,11
CWTV-DEP-000464,services/api/cinewatch_api/api/v1/media_authority.py,cinewatch_api.database.session,python_import_from,,12
CWTV-DEP-000465,services/api/cinewatch_api/api/v1/media_authority.py,cinewatch_api.media.authority,python_import_from,,13
CWTV-DEP-000466,services/api/cinewatch_api/api/v1/media_authority.py,cinewatch_api.settings,python_import_from,,14
CWTV-DEP-000467,services/api/cinewatch_api/api/v1/media_authority.py,fastapi,python_import_from,,8
CWTV-DEP-000468,services/api/cinewatch_api/api/v1/media_authority.py,logging,python_import,,5
CWTV-DEP-000469,services/api/cinewatch_api/api/v1/media_authority.py,sqlalchemy.exc,python_import_from,,9
CWTV-DEP-000470,services/api/cinewatch_api/api/v1/media_authority.py,typing,python_import_from,,6
CWTV-DEP-000471,services/api/cinewatch_api/api/v1/news.py,__future__,python_import_from,,3
CWTV-DEP-000472,services/api/cinewatch_api/api/v1/news.py,cinewatch_api.contracts.news,python_import_from,,9
CWTV-DEP-000473,services/api/cinewatch_api/api/v1/news.py,cinewatch_api.errors,python_import_from,,10
CWTV-DEP-000474,services/api/cinewatch_api/api/v1/news.py,cinewatch_api.news,python_import_from,,11
CWTV-DEP-000475,services/api/cinewatch_api/api/v1/news.py,cinewatch_api.providers.errors,python_import_from,,12
CWTV-DEP-000476,services/api/cinewatch_api/api/v1/news.py,cinewatch_api.providers.newsapi,python_import_from,,13
CWTV-DEP-000477,services/api/cinewatch_api/api/v1/news.py,cinewatch_api.settings,python_import_from,,14
CWTV-DEP-000478,services/api/cinewatch_api/api/v1/news.py,fastapi,python_import_from,,7
CWTV-DEP-000479,services/api/cinewatch_api/api/v1/news.py,typing,python_import_from,,5
CWTV-DEP-000480,services/api/cinewatch_api/api/v1/router.py,cinewatch_api.api.v1.catalog,python_import_from,,5
CWTV-DEP-000481,services/api/cinewatch_api/api/v1/router.py,cinewatch_api.api.v1.directories,python_import_from,,6
CWTV-DEP-000482,services/api/cinewatch_api/api/v1/router.py,cinewatch_api.api.v1.external,python_import_from,,7
CWTV-DEP-000483,services/api/cinewatch_api/api/v1/router.py,cinewatch_api.api.v1.home,python_import_from,,8
CWTV-DEP-000484,services/api/cinewatch_api/api/v1/router.py,cinewatch_api.api.v1.home_experience,python_import_from,,9
CWTV-DEP-000485,services/api/cinewatch_api/api/v1/router.py,cinewatch_api.api.v1.news,python_import_from,,10
CWTV-DEP-000486,services/api/cinewatch_api/api/v1/router.py,cinewatch_api.api.v1.search,python_import_from,,11
CWTV-DEP-000487,services/api/cinewatch_api/api/v1/router.py,cinewatch_api.api.v1.system,python_import_from,,12
CWTV-DEP-000488,services/api/cinewatch_api/api/v1/router.py,cinewatch_api.api.v1.trailer_library,python_import_from,,14
CWTV-DEP-000489,services/api/cinewatch_api/api/v1/router.py,cinewatch_api.api.v1.voice,python_import_from,,13
CWTV-DEP-000490,services/api/cinewatch_api/api/v1/router.py,fastapi,python_import_from,,3
CWTV-DEP-000491,services/api/cinewatch_api/api/v1/search.py,__future__,python_import_from,,3
CWTV-DEP-000492,services/api/cinewatch_api/api/v1/search.py,cinewatch_api.api.v1.media_authority,python_import_from,,10
CWTV-DEP-000493,services/api/cinewatch_api/api/v1/search.py,cinewatch_api.contracts.search,python_import_from,,9
CWTV-DEP-000494,services/api/cinewatch_api/api/v1/search.py,cinewatch_api.errors,python_import_from,,11
CWTV-DEP-000495,services/api/cinewatch_api/api/v1/search.py,cinewatch_api.providers.errors,python_import_from,,12
CWTV-DEP-000496,services/api/cinewatch_api/api/v1/search.py,cinewatch_api.providers.tmdb,python_import_from,,13
CWTV-DEP-000497,services/api/cinewatch_api/api/v1/search.py,cinewatch_api.search,python_import_from,,14
CWTV-DEP-000498,services/api/cinewatch_api/api/v1/search.py,cinewatch_api.settings,python_import_from,,15
CWTV-DEP-000499,services/api/cinewatch_api/api/v1/search.py,fastapi,python_import_from,,7
CWTV-DEP-000500,services/api/cinewatch_api/api/v1/search.py,typing,python_import_from,,5
CWTV-DEP-000501,services/api/cinewatch_api/api/v1/system.py,cinewatch_api.api.system_state,python_import_from,,5
CWTV-DEP-000502,services/api/cinewatch_api/api/v1/system.py,cinewatch_api.contracts.system,python_import_from,,6
CWTV-DEP-000503,services/api/cinewatch_api/api/v1/system.py,fastapi,python_import_from,,3
CWTV-DEP-000504,services/api/cinewatch_api/api/v1/trailer_library.py,__future__,python_import_from,,2
CWTV-DEP-000505,services/api/cinewatch_api/api/v1/trailer_library.py,cinewatch_api.catalog.trailer_library,python_import_from,,5
CWTV-DEP-000506,services/api/cinewatch_api/api/v1/trailer_library.py,cinewatch_api.contracts.trailer_library,python_import_from,,6
CWTV-DEP-000507,services/api/cinewatch_api/api/v1/trailer_library.py,cinewatch_api.errors,python_import_from,,7
CWTV-DEP-000508,services/api/cinewatch_api/api/v1/trailer_library.py,cinewatch_api.providers.errors,python_import_from,,8
CWTV-DEP-000509,services/api/cinewatch_api/api/v1/trailer_library.py,cinewatch_api.providers.tmdb,python_import_from,,9
CWTV-DEP-000510,services/api/cinewatch_api/api/v1/trailer_library.py,cinewatch_api.settings,python_import_from,,10
CWTV-DEP-000511,services/api/cinewatch_api/api/v1/trailer_library.py,fastapi,python_import_from,,4
CWTV-DEP-000512,services/api/cinewatch_api/api/v1/trailer_library.py,typing,python_import_from,,3
CWTV-DEP-000513,services/api/cinewatch_api/api/v1/voice.py,__future__,python_import_from,,3
CWTV-DEP-000514,services/api/cinewatch_api/api/v1/voice.py,cinewatch_api.contracts.voice,python_import_from,,9
CWTV-DEP-000515,services/api/cinewatch_api/api/v1/voice.py,cinewatch_api.errors,python_import_from,,10
CWTV-DEP-000516,services/api/cinewatch_api/api/v1/voice.py,cinewatch_api.settings,python_import_from,,11
CWTV-DEP-000517,services/api/cinewatch_api/api/v1/voice.py,cinewatch_api.voice.service,python_import_from,,12
CWTV-DEP-000518,services/api/cinewatch_api/api/v1/voice.py,fastapi,python_import_from,,7
CWTV-DEP-000519,services/api/cinewatch_api/api/v1/voice.py,typing,python_import_from,,5
CWTV-DEP-000520,services/api/cinewatch_api/application.py,__future__,python_import_from,,3
CWTV-DEP-000521,services/api/cinewatch_api/application.py,cinewatch_api,python_import_from,,11
CWTV-DEP-000522,services/api/cinewatch_api/application.py,cinewatch_api.api.system,python_import_from,,12
CWTV-DEP-000523,services/api/cinewatch_api/application.py,cinewatch_api.api.v1.router,python_import_from,,13
CWTV-DEP-000524,services/api/cinewatch_api/application.py,cinewatch_api.constants,python_import_from,,14
CWTV-DEP-000525,services/api/cinewatch_api/application.py,cinewatch_api.errors,python_import_from,,15
CWTV-DEP-000526,services/api/cinewatch_api/application.py,cinewatch_api.logging,python_import_from,,16
CWTV-DEP-000527,services/api/cinewatch_api/application.py,cinewatch_api.middleware.request_id,python_import_from,,17
CWTV-DEP-000528,services/api/cinewatch_api/application.py,cinewatch_api.settings,python_import_from,,18
CWTV-DEP-000529,services/api/cinewatch_api/application.py,collections.abc,python_import_from,,6
CWTV-DEP-000530,services/api/cinewatch_api/application.py,contextlib,python_import_from,,7
CWTV-DEP-000531,services/api/cinewatch_api/application.py,fastapi,python_import_from,,9
CWTV-DEP-000532,services/api/cinewatch_api/application.py,logging,python_import,,5
CWTV-DEP-000533,services/api/cinewatch_api/catalog/__init__.py,cinewatch_api.catalog.service,python_import_from,,3
CWTV-DEP-000534,services/api/cinewatch_api/catalog/directories.py,__future__,python_import_from,,2
CWTV-DEP-000535,services/api/cinewatch_api/catalog/directories.py,asyncio,python_import,,4
CWTV-DEP-000536,services/api/cinewatch_api/catalog/directories.py,cinewatch_api.contracts.directories,python_import_from,,9
CWTV-DEP-000537,services/api/cinewatch_api/catalog/directories.py,cinewatch_api.home.aggregation,python_import_from,,13
CWTV-DEP-000538,services/api/cinewatch_api/catalog/directories.py,cinewatch_api.providers.errors,python_import_from,,14
CWTV-DEP-000539,services/api/cinewatch_api/catalog/directories.py,cinewatch_api.providers.tmdb,python_import_from,,15
CWTV-DEP-000540,services/api/cinewatch_api/catalog/directories.py,datetime,python_import_from,,6
CWTV-DEP-000541,services/api/cinewatch_api/catalog/directories.py,time,python_import,,5
CWTV-DEP-000542,services/api/cinewatch_api/catalog/directories.py,urllib.parse,python_import_from,,7
CWTV-DEP-000543,services/api/cinewatch_api/catalog/service.py,__future__,python_import_from,,3
CWTV-DEP-000544,services/api/cinewatch_api/catalog/service.py,asyncio,python_import,,5
CWTV-DEP-000545,services/api/cinewatch_api/catalog/service.py,cinewatch_api.contracts.catalog,python_import_from,,10
CWTV-DEP-000546,services/api/cinewatch_api/catalog/service.py,cinewatch_api.home.aggregation,python_import_from,,30
CWTV-DEP-000547,services/api/cinewatch_api/catalog/service.py,cinewatch_api.providers.errors,python_import_from,,31
CWTV-DEP-000548,services/api/cinewatch_api/catalog/service.py,datetime,python_import_from,,7
CWTV-DEP-000549,services/api/cinewatch_api/catalog/service.py,re,python_import,,6
CWTV-DEP-000550,services/api/cinewatch_api/catalog/service.py,typing,python_import_from,,8
CWTV-DEP-000551,services/api/cinewatch_api/catalog/trailer_library.py,__future__,python_import_from,,2
CWTV-DEP-000552,services/api/cinewatch_api/catalog/trailer_library.py,asyncio,python_import,,3
CWTV-DEP-000553,services/api/cinewatch_api/catalog/trailer_library.py,cinewatch_api.contracts.trailer_library,python_import_from,,5
CWTV-DEP-000554,services/api/cinewatch_api/catalog/trailer_library.py,cinewatch_api.home.aggregation,python_import_from,,6
CWTV-DEP-000555,services/api/cinewatch_api/catalog/trailer_library.py,cinewatch_api.providers.errors,python_import_from,,7
CWTV-DEP-000556,services/api/cinewatch_api/catalog/trailer_library.py,re,python_import,,24
CWTV-DEP-000557,services/api/cinewatch_api/catalog/trailer_library.py,urllib.parse,python_import_from,,4
CWTV-DEP-000558,services/api/cinewatch_api/contracts/catalog.py,__future__,python_import_from,,3
CWTV-DEP-000559,services/api/cinewatch_api/contracts/catalog.py,pydantic,python_import_from,,7
CWTV-DEP-000560,services/api/cinewatch_api/contracts/catalog.py,typing,python_import_from,,5
CWTV-DEP-000561,services/api/cinewatch_api/contracts/directories.py,__future__,python_import_from,,2
CWTV-DEP-000562,services/api/cinewatch_api/contracts/directories.py,pydantic,python_import_from,,5
CWTV-DEP-000563,services/api/cinewatch_api/contracts/directories.py,typing,python_import_from,,4
CWTV-DEP-000564,services/api/cinewatch_api/contracts/errors.py,pydantic,python_import_from,,3
CWTV-DEP-000565,services/api/cinewatch_api/contracts/external.py,__future__,python_import_from,,3
CWTV-DEP-000566,services/api/cinewatch_api/contracts/external.py,pydantic,python_import_from,,7
CWTV-DEP-000567,services/api/cinewatch_api/contracts/external.py,typing,python_import_from,,5
CWTV-DEP-000568,services/api/cinewatch_api/contracts/home.py,__future__,python_import_from,,3
CWTV-DEP-000569,services/api/cinewatch_api/contracts/home.py,pydantic,python_import_from,,7
CWTV-DEP-000570,services/api/cinewatch_api/contracts/home.py,typing,python_import_from,,5
CWTV-DEP-000571,services/api/cinewatch_api/contracts/home_experience.py,__future__,python_import_from,,3
CWTV-DEP-000572,services/api/cinewatch_api/contracts/home_experience.py,cinewatch_api.contracts.home,python_import_from,,9
CWTV-DEP-000573,services/api/cinewatch_api/contracts/home_experience.py,pydantic,python_import_from,,7
CWTV-DEP-000574,services/api/cinewatch_api/contracts/home_experience.py,typing,python_import_from,,5
CWTV-DEP-000575,services/api/cinewatch_api/contracts/news.py,__future__,python_import_from,,3
CWTV-DEP-000576,services/api/cinewatch_api/contracts/news.py,pydantic,python_import_from,,5
CWTV-DEP-000577,services/api/cinewatch_api/contracts/search.py,__future__,python_import_from,,3
CWTV-DEP-000578,services/api/cinewatch_api/contracts/search.py,pydantic,python_import_from,,7
CWTV-DEP-000579,services/api/cinewatch_api/contracts/search.py,typing,python_import_from,,5
CWTV-DEP-000580,services/api/cinewatch_api/contracts/system.py,cinewatch_api.settings,python_import_from,,7
CWTV-DEP-000581,services/api/cinewatch_api/contracts/system.py,pydantic,python_import_from,,5
CWTV-DEP-000582,services/api/cinewatch_api/contracts/system.py,typing,python_import_from,,3
CWTV-DEP-000583,services/api/cinewatch_api/contracts/trailer_library.py,__future__,python_import_from,,2
CWTV-DEP-000584,services/api/cinewatch_api/contracts/trailer_library.py,pydantic,python_import_from,,4
CWTV-DEP-000585,services/api/cinewatch_api/contracts/trailer_library.py,typing,python_import_from,,3
CWTV-DEP-000586,services/api/cinewatch_api/contracts/voice.py,__future__,python_import_from,,3
CWTV-DEP-000587,services/api/cinewatch_api/contracts/voice.py,pydantic,python_import_from,,7
CWTV-DEP-000588,services/api/cinewatch_api/contracts/voice.py,typing,python_import_from,,5
CWTV-DEP-000589,services/api/cinewatch_api/database/__init__.py,cinewatch_api.database.base,python_import_from,,3
CWTV-DEP-000590,services/api/cinewatch_api/database/__init__.py,cinewatch_api.database.engine,python_import_from,,4
CWTV-DEP-000591,services/api/cinewatch_api/database/__init__.py,cinewatch_api.database.session,python_import_from,,5
CWTV-DEP-000592,services/api/cinewatch_api/database/__init__.py,cinewatch_api.database.url,python_import_from,,6
CWTV-DEP-000593,services/api/cinewatch_api/database/base.py,sqlalchemy,python_import_from,,3
CWTV-DEP-000594,services/api/cinewatch_api/database/base.py,sqlalchemy.orm,python_import_from,,4
CWTV-DEP-000595,services/api/cinewatch_api/database/engine.py,__future__,python_import_from,,3
CWTV-DEP-000596,services/api/cinewatch_api/database/engine.py,cinewatch_api.database.url,python_import_from,,7
CWTV-DEP-000597,services/api/cinewatch_api/database/engine.py,cinewatch_api.settings,python_import_from,,8
CWTV-DEP-000598,services/api/cinewatch_api/database/engine.py,sqlalchemy,python_import_from,,5
CWTV-DEP-000599,services/api/cinewatch_api/database/session.py,__future__,python_import_from,,3
CWTV-DEP-000600,services/api/cinewatch_api/database/session.py,sqlalchemy,python_import_from,,5
CWTV-DEP-000601,services/api/cinewatch_api/database/session.py,sqlalchemy.orm,python_import_from,,6
CWTV-DEP-000602,services/api/cinewatch_api/database/url.py,__future__,python_import_from,,3
CWTV-DEP-000603,services/api/cinewatch_api/database/url.py,cinewatch_api.settings,python_import_from,,7
CWTV-DEP-000604,services/api/cinewatch_api/database/url.py,sqlalchemy.engine,python_import_from,,5
CWTV-DEP-000605,services/api/cinewatch_api/errors.py,__future__,python_import_from,,3
CWTV-DEP-000606,services/api/cinewatch_api/errors.py,cinewatch_api.contracts.errors,python_import_from,,11
CWTV-DEP-000607,services/api/cinewatch_api/errors.py,fastapi,python_import_from,,7
CWTV-DEP-000608,services/api/cinewatch_api/errors.py,fastapi.exceptions,python_import_from,,8
CWTV-DEP-000609,services/api/cinewatch_api/errors.py,fastapi.responses,python_import_from,,9
CWTV-DEP-000610,services/api/cinewatch_api/errors.py,logging,python_import,,5
CWTV-DEP-000611,services/api/cinewatch_api/external/service.py,__future__,python_import_from,,3
CWTV-DEP-000612,services/api/cinewatch_api/external/service.py,cinewatch_api.contracts.external,python_import_from,,10
CWTV-DEP-000613,services/api/cinewatch_api/external/service.py,cinewatch_api.providers.errors,python_import_from,,20
CWTV-DEP-000614,services/api/cinewatch_api/external/service.py,re,python_import,,5
CWTV-DEP-000615,services/api/cinewatch_api/external/service.py,typing,python_import_from,,7
CWTV-DEP-000616,services/api/cinewatch_api/external/service.py,unicodedata,python_import,,6
CWTV-DEP-000617,services/api/cinewatch_api/external/service.py,urllib.parse,python_import_from,,8
CWTV-DEP-000618,services/api/cinewatch_api/home/__init__.py,cinewatch_api.home.aggregation,python_import_from,,3
CWTV-DEP-000619,services/api/cinewatch_api/home/aggregation.py,__future__,python_import_from,,3
CWTV-DEP-000620,services/api/cinewatch_api/home/aggregation.py,cinewatch_api.contracts.home,python_import_from,,8
CWTV-DEP-000621,services/api/cinewatch_api/home/aggregation.py,cinewatch_api.media.fallbacks,python_import_from,,15
CWTV-DEP-000622,services/api/cinewatch_api/home/aggregation.py,cinewatch_api.providers.errors,python_import_from,,16
CWTV-DEP-000623,services/api/cinewatch_api/home/aggregation.py,dataclasses,python_import_from,,5
CWTV-DEP-000624,services/api/cinewatch_api/home/aggregation.py,typing,python_import_from,,6
CWTV-DEP-000625,services/api/cinewatch_api/home/experience.py,__future__,python_import_from,,3
CWTV-DEP-000626,services/api/cinewatch_api/home/experience.py,asyncio,python_import,,5
CWTV-DEP-000627,services/api/cinewatch_api/home/experience.py,cinewatch_api.contracts.home,python_import_from,,11
CWTV-DEP-000628,services/api/cinewatch_api/home/experience.py,cinewatch_api.contracts.home_experience,python_import_from,,12
CWTV-DEP-000629,services/api/cinewatch_api/home/experience.py,cinewatch_api.home.aggregation,python_import_from,,24
CWTV-DEP-000630,services/api/cinewatch_api/home/experience.py,cinewatch_api.providers.errors,python_import_from,,25
CWTV-DEP-000631,services/api/cinewatch_api/home/experience.py,cinewatch_api.providers.tmdb,python_import_from,,26
CWTV-DEP-000632,services/api/cinewatch_api/home/experience.py,datetime,python_import_from,,8
CWTV-DEP-000633,services/api/cinewatch_api/home/experience.py,re,python_import,,6
CWTV-DEP-000634,services/api/cinewatch_api/home/experience.py,time,python_import,,7
CWTV-DEP-000635,services/api/cinewatch_api/home/experience.py,typing,python_import_from,,9
CWTV-DEP-000636,services/api/cinewatch_api/logging.py,__future__,python_import_from,,3
CWTV-DEP-000637,services/api/cinewatch_api/logging.py,datetime,python_import_from,,8
CWTV-DEP-000638,services/api/cinewatch_api/logging.py,json,python_import,,5
CWTV-DEP-000639,services/api/cinewatch_api/logging.py,logging,python_import,,6
CWTV-DEP-000640,services/api/cinewatch_api/logging.py,sys,python_import,,7
CWTV-DEP-000641,services/api/cinewatch_api/logging.py,typing,python_import_from,,9
CWTV-DEP-000642,services/api/cinewatch_api/main.py,cinewatch_api.application,python_import_from,,3
CWTV-DEP-000643,services/api/cinewatch_api/media/authority.py,__future__,python_import_from,,3
CWTV-DEP-000644,services/api/cinewatch_api/media/authority.py,cinewatch_api.contracts.catalog,python_import_from,,7
CWTV-DEP-000645,services/api/cinewatch_api/media/authority.py,cinewatch_api.contracts.directories,python_import_from,,16
CWTV-DEP-000646,services/api/cinewatch_api/media/authority.py,cinewatch_api.contracts.home,python_import_from,,14
CWTV-DEP-000647,services/api/cinewatch_api/media/authority.py,cinewatch_api.contracts.search,python_import_from,,15
CWTV-DEP-000648,services/api/cinewatch_api/media/authority.py,cinewatch_api.media.fallbacks,python_import_from,,17
CWTV-DEP-000649,services/api/cinewatch_api/media/authority.py,cinewatch_api.media.repository,python_import_from,,18
CWTV-DEP-000650,services/api/cinewatch_api/media/authority.py,sqlalchemy.orm,python_import_from,,5
CWTV-DEP-000651,services/api/cinewatch_api/media/fallbacks.py,__future__,python_import_from,,3
CWTV-DEP-000652,services/api/cinewatch_api/media/fallbacks.py,dataclasses,python_import_from,,7
CWTV-DEP-000653,services/api/cinewatch_api/media/fallbacks.py,re,python_import,,5
CWTV-DEP-000654,services/api/cinewatch_api/media/fallbacks.py,typing,python_import_from,,8
CWTV-DEP-000655,services/api/cinewatch_api/media/fallbacks.py,unicodedata,python_import,,6
CWTV-DEP-000656,services/api/cinewatch_api/media/models.py,__future__,python_import_from,,3
CWTV-DEP-000657,services/api/cinewatch_api/media/models.py,cinewatch_api.database.base,python_import_from,,10
CWTV-DEP-000658,services/api/cinewatch_api/media/models.py,datetime,python_import_from,,5
CWTV-DEP-000659,services/api/cinewatch_api/media/models.py,sqlalchemy,python_import_from,,7
CWTV-DEP-000660,services/api/cinewatch_api/media/models.py,sqlalchemy.orm,python_import_from,,8
CWTV-DEP-000661,services/api/cinewatch_api/media/repository.py,__future__,python_import_from,,3
CWTV-DEP-000662,services/api/cinewatch_api/media/repository.py,cinewatch_api.media.fallbacks,python_import_from,,10
CWTV-DEP-000663,services/api/cinewatch_api/media/repository.py,cinewatch_api.media.models,python_import_from,,11
CWTV-DEP-000664,services/api/cinewatch_api/media/repository.py,datetime,python_import_from,,5
CWTV-DEP-000665,services/api/cinewatch_api/media/repository.py,sqlalchemy,python_import_from,,7
CWTV-DEP-000666,services/api/cinewatch_api/media/repository.py,sqlalchemy.orm,python_import_from,,8
CWTV-DEP-000667,services/api/cinewatch_api/middleware/request_id.py,__future__,python_import_from,,3
CWTV-DEP-000668,services/api/cinewatch_api/middleware/request_id.py,cinewatch_api.constants,python_import_from,,11
CWTV-DEP-000669,services/api/cinewatch_api/middleware/request_id.py,re,python_import,,5
CWTV-DEP-000670,services/api/cinewatch_api/middleware/request_id.py,starlette.datastructures,python_import_from,,8
CWTV-DEP-000671,services/api/cinewatch_api/middleware/request_id.py,starlette.types,python_import_from,,9
CWTV-DEP-000672,services/api/cinewatch_api/middleware/request_id.py,uuid,python_import_from,,6
CWTV-DEP-000673,services/api/cinewatch_api/news/__init__.py,cinewatch_api.news.service,python_import_from,,3
CWTV-DEP-000674,services/api/cinewatch_api/news/service.py,__future__,python_import_from,,3
CWTV-DEP-000675,services/api/cinewatch_api/news/service.py,cinewatch_api.contracts.news,python_import_from,,8
CWTV-DEP-000676,services/api/cinewatch_api/news/service.py,typing,python_import_from,,5
CWTV-DEP-000677,services/api/cinewatch_api/news/service.py,urllib.parse,python_import_from,,6
CWTV-DEP-000678,services/api/cinewatch_api/providers/apify.py,__future__,python_import_from,,3
CWTV-DEP-000679,services/api/cinewatch_api/providers/apify.py,cinewatch_api.providers.errors,python_import_from,,10
CWTV-DEP-000680,services/api/cinewatch_api/providers/apify.py,httpx,python_import,,7
CWTV-DEP-000681,services/api/cinewatch_api/providers/apify.py,pydantic,python_import_from,,8
CWTV-DEP-000682,services/api/cinewatch_api/providers/apify.py,typing,python_import_from,,5
CWTV-DEP-000683,services/api/cinewatch_api/providers/errors.py,__future__,python_import_from,,3
CWTV-DEP-000684,services/api/cinewatch_api/providers/kinocheck.py,__future__,python_import_from,,3
CWTV-DEP-000685,services/api/cinewatch_api/providers/kinocheck.py,cinewatch_api.providers.errors,python_import_from,,11
CWTV-DEP-000686,services/api/cinewatch_api/providers/kinocheck.py,collections.abc,python_import_from,,5
CWTV-DEP-000687,services/api/cinewatch_api/providers/kinocheck.py,httpx,python_import,,8
CWTV-DEP-000688,services/api/cinewatch_api/providers/kinocheck.py,pydantic,python_import_from,,9
CWTV-DEP-000689,services/api/cinewatch_api/providers/kinocheck.py,typing,python_import_from,,6
CWTV-DEP-000690,services/api/cinewatch_api/providers/newsapi.py,__future__,python_import_from,,3
CWTV-DEP-000691,services/api/cinewatch_api/providers/newsapi.py,cinewatch_api.providers.errors,python_import_from,,11
CWTV-DEP-000692,services/api/cinewatch_api/providers/newsapi.py,collections.abc,python_import_from,,5
CWTV-DEP-000693,services/api/cinewatch_api/providers/newsapi.py,httpx,python_import,,8
CWTV-DEP-000694,services/api/cinewatch_api/providers/newsapi.py,pydantic,python_import_from,,9
CWTV-DEP-000695,services/api/cinewatch_api/providers/newsapi.py,typing,python_import_from,,6
CWTV-DEP-000696,services/api/cinewatch_api/providers/omdb.py,__future__,python_import_from,,3
CWTV-DEP-000697,services/api/cinewatch_api/providers/omdb.py,cinewatch_api.providers.errors,python_import_from,,10
CWTV-DEP-000698,services/api/cinewatch_api/providers/omdb.py,httpx,python_import,,7
CWTV-DEP-000699,services/api/cinewatch_api/providers/omdb.py,pydantic,python_import_from,,8
CWTV-DEP-000700,services/api/cinewatch_api/providers/omdb.py,typing,python_import_from,,5
CWTV-DEP-000701,services/api/cinewatch_api/providers/stands4.py,__future__,python_import_from,,3
CWTV-DEP-000702,services/api/cinewatch_api/providers/stands4.py,cinewatch_api.providers.errors,python_import_from,,11
CWTV-DEP-000703,services/api/cinewatch_api/providers/stands4.py,collections.abc,python_import_from,,5
CWTV-DEP-000704,services/api/cinewatch_api/providers/stands4.py,httpx,python_import,,8
CWTV-DEP-000705,services/api/cinewatch_api/providers/stands4.py,pydantic,python_import_from,,9
CWTV-DEP-000706,services/api/cinewatch_api/providers/stands4.py,typing,python_import_from,,6
CWTV-DEP-000707,services/api/cinewatch_api/providers/tmdb.py,__future__,python_import_from,,3
CWTV-DEP-000708,services/api/cinewatch_api/providers/tmdb.py,cinewatch_api.providers.errors,python_import_from,,11
CWTV-DEP-000709,services/api/cinewatch_api/providers/tmdb.py,collections.abc,python_import_from,,5
CWTV-DEP-000710,services/api/cinewatch_api/providers/tmdb.py,httpx,python_import,,8
CWTV-DEP-000711,services/api/cinewatch_api/providers/tmdb.py,pydantic,python_import_from,,9
CWTV-DEP-000712,services/api/cinewatch_api/providers/tmdb.py,typing,python_import_from,,6
CWTV-DEP-000713,services/api/cinewatch_api/providers/watchmode.py,__future__,python_import_from,,3
CWTV-DEP-000714,services/api/cinewatch_api/providers/watchmode.py,cinewatch_api.providers.errors,python_import_from,,11
CWTV-DEP-000715,services/api/cinewatch_api/providers/watchmode.py,collections.abc,python_import_from,,5
CWTV-DEP-000716,services/api/cinewatch_api/providers/watchmode.py,httpx,python_import,,8
CWTV-DEP-000717,services/api/cinewatch_api/providers/watchmode.py,pydantic,python_import_from,,9
CWTV-DEP-000718,services/api/cinewatch_api/providers/watchmode.py,typing,python_import_from,,6
CWTV-DEP-000719,services/api/cinewatch_api/search/__init__.py,cinewatch_api.search.service,python_import_from,,3
CWTV-DEP-000720,services/api/cinewatch_api/search/service.py,__future__,python_import_from,,3
CWTV-DEP-000721,services/api/cinewatch_api/search/service.py,asyncio,python_import,,5
CWTV-DEP-000722,services/api/cinewatch_api/search/service.py,cinewatch_api.contracts.search,python_import_from,,9
CWTV-DEP-000723,services/api/cinewatch_api/search/service.py,cinewatch_api.home.aggregation,python_import_from,,10
CWTV-DEP-000724,services/api/cinewatch_api/search/service.py,cinewatch_api.providers.errors,python_import_from,,11
CWTV-DEP-000725,services/api/cinewatch_api/search/service.py,re,python_import,,6
CWTV-DEP-000726,services/api/cinewatch_api/search/service.py,typing,python_import_from,,7
CWTV-DEP-000727,services/api/cinewatch_api/settings.py,functools,python_import_from,,3
CWTV-DEP-000728,services/api/cinewatch_api/settings.py,pydantic,python_import_from,,6
CWTV-DEP-000729,services/api/cinewatch_api/settings.py,pydantic_settings,python_import_from,,7
CWTV-DEP-000730,services/api/cinewatch_api/settings.py,typing,python_import_from,,4
CWTV-DEP-000731,services/api/cinewatch_api/voice/__init__.py,.service,python_import_from,,3
CWTV-DEP-000732,services/api/cinewatch_api/voice/service.py,__future__,python_import_from,,3
CWTV-DEP-000733,services/api/cinewatch_api/voice/service.py,base64,python_import,,5
CWTV-DEP-000734,services/api/cinewatch_api/voice/service.py,binascii,python_import,,6
CWTV-DEP-000735,services/api/cinewatch_api/voice/service.py,cinewatch_api.contracts.voice,python_import_from,,12
CWTV-DEP-000736,services/api/cinewatch_api/voice/service.py,hashlib,python_import,,7
CWTV-DEP-000737,services/api/cinewatch_api/voice/service.py,json,python_import,,8
CWTV-DEP-000738,services/api/cinewatch_api/voice/service.py,os,python_import,,9
CWTV-DEP-000739,services/api/cinewatch_api/voice/service.py,pathlib,python_import_from,,10
CWTV-DEP-000740,services/api/migrations/env.py,__future__,python_import_from,,3
CWTV-DEP-000741,services/api/migrations/env.py,alembic,python_import_from,,7
CWTV-DEP-000742,services/api/migrations/env.py,cinewatch_api.database.base,python_import_from,,10
CWTV-DEP-000743,services/api/migrations/env.py,cinewatch_api.database.url,python_import_from,,11
CWTV-DEP-000744,services/api/migrations/env.py,logging.config,python_import_from,,5
CWTV-DEP-000745,services/api/migrations/env.py,sqlalchemy,python_import_from,,8
CWTV-DEP-000746,services/api/migrations/versions/0001_postgresql_migration_foundation.py,collections.abc,python_import_from,,8
CWTV-DEP-000747,services/api/migrations/versions/0002_missing_media_authority.py,alembic,python_import_from,,10
CWTV-DEP-000748,services/api/migrations/versions/0002_missing_media_authority.py,collections.abc,python_import_from,,8
CWTV-DEP-000749,services/api/migrations/versions/0002_missing_media_authority.py,sqlalchemy,python_import,,11
CWTV-DEP-000750,services/api/pyproject.toml,SQLAlchemy==2.0.52,python_runtime,SQLAlchemy==2.0.52,
CWTV-DEP-000751,services/api/pyproject.toml,alembic==1.19.2,python_runtime,alembic==1.19.2,
CWTV-DEP-000752,services/api/pyproject.toml,fastapi==0.141.1,python_runtime,fastapi==0.141.1,
CWTV-DEP-000753,services/api/pyproject.toml,httpx==0.28.1,python_runtime,httpx==0.28.1,
CWTV-DEP-000754,services/api/pyproject.toml,"mypy>=2.3.1,<2.4",python_optional:quality,"mypy>=2.3.1,<2.4",
CWTV-DEP-000755,services/api/pyproject.toml,psycopg[binary]==3.3.5,python_runtime,psycopg[binary]==3.3.5,
CWTV-DEP-000756,services/api/pyproject.toml,pydantic-settings==2.15.0,python_runtime,pydantic-settings==2.15.0,
CWTV-DEP-000757,services/api/pyproject.toml,pydantic==2.13.5,python_runtime,pydantic==2.13.5,
CWTV-DEP-000758,services/api/pyproject.toml,"pytest>=9.0.2,<9.2",python_optional:test,"pytest>=9.0.2,<9.2",
CWTV-DEP-000759,services/api/pyproject.toml,"ruff>=0.16.6,<0.17",python_optional:quality,"ruff>=0.16.6,<0.17",
CWTV-DEP-000760,services/api/pyproject.toml,"uvicorn>=0.48,<0.53",python_runtime,"uvicorn>=0.48,<0.53",
CWTV-DEP-000761,services/api/tests/conftest.py,cinewatch_api.application,python_import_from,,6
CWTV-DEP-000762,services/api/tests/conftest.py,cinewatch_api.settings,python_import_from,,7
CWTV-DEP-000763,services/api/tests/conftest.py,collections.abc,python_import_from,,1
CWTV-DEP-000764,services/api/tests/conftest.py,fastapi.testclient,python_import_from,,4
CWTV-DEP-000765,services/api/tests/conftest.py,pytest,python_import,,3
CWTV-DEP-000766,services/api/tests/test_catalog_endpoint.py,__future__,python_import_from,,1
CWTV-DEP-000767,services/api/tests/test_catalog_endpoint.py,cinewatch_api.application,python_import_from,,5
CWTV-DEP-000768,services/api/tests/test_catalog_endpoint.py,cinewatch_api.catalog.service,python_import_from,,6
CWTV-DEP-000769,services/api/tests/test_catalog_endpoint.py,cinewatch_api.contracts.catalog,python_import_from,,7
CWTV-DEP-000770,services/api/tests/test_catalog_endpoint.py,cinewatch_api.settings,python_import_from,,8
CWTV-DEP-000771,services/api/tests/test_catalog_endpoint.py,fastapi.testclient,python_import_from,,3
CWTV-DEP-000772,services/api/tests/test_catalog_service.py,__future__,python_import_from,,1
CWTV-DEP-000773,services/api/tests/test_catalog_service.py,asyncio,python_import,,3
CWTV-DEP-000774,services/api/tests/test_catalog_service.py,cinewatch_api.catalog.service,python_import_from,,5
CWTV-DEP-000775,services/api/tests/test_contract_snapshot.py,__future__,python_import_from,,1
CWTV-DEP-000776,services/api/tests/test_contract_snapshot.py,cinewatch_api.application,python_import_from,,6
CWTV-DEP-000777,services/api/tests/test_contract_snapshot.py,cinewatch_api.settings,python_import_from,,7
CWTV-DEP-000778,services/api/tests/test_contract_snapshot.py,json,python_import,,3
CWTV-DEP-000779,services/api/tests/test_contract_snapshot.py,pathlib,python_import_from,,4
CWTV-DEP-000780,services/api/tests/test_database_foundation.py,cinewatch_api.database.url,python_import_from,,4
CWTV-DEP-000781,services/api/tests/test_database_foundation.py,cinewatch_api.settings,python_import_from,,9
CWTV-DEP-000782,services/api/tests/test_database_foundation.py,pydantic,python_import_from,,2
CWTV-DEP-000783,services/api/tests/test_database_foundation.py,pytest,python_import,,1
CWTV-DEP-000784,services/api/tests/test_discovery_directories.py,asyncio,python_import,,2
CWTV-DEP-000785,services/api/tests/test_discovery_directories.py,cinewatch_api.catalog.directories,python_import_from,,3
CWTV-DEP-000786,services/api/tests/test_discovery_directories.py,cinewatch_api.catalog.trailer_library,python_import_from,,4
CWTV-DEP-000787,services/api/tests/test_discovery_directories.py,urllib.parse,python_import_from,,44
CWTV-DEP-000788,services/api/tests/test_errors.py,cinewatch_api.application,python_import_from,,4
CWTV-DEP-000789,services/api/tests/test_errors.py,cinewatch_api.errors,python_import_from,,5
CWTV-DEP-000790,services/api/tests/test_errors.py,cinewatch_api.settings,python_import_from,,6
CWTV-DEP-000791,services/api/tests/test_errors.py,fastapi,python_import_from,,1
CWTV-DEP-000792,services/api/tests/test_errors.py,fastapi.testclient,python_import_from,,2
CWTV-DEP-000793,services/api/tests/test_external_provider_clients.py,__future__,python_import_from,,1
CWTV-DEP-000794,services/api/tests/test_external_provider_clients.py,asyncio,python_import,,3
CWTV-DEP-000795,services/api/tests/test_external_provider_clients.py,cinewatch_api.providers.apify,python_import_from,,8
CWTV-DEP-000796,services/api/tests/test_external_provider_clients.py,cinewatch_api.providers.kinocheck,python_import_from,,9
CWTV-DEP-000797,services/api/tests/test_external_provider_clients.py,cinewatch_api.providers.stands4,python_import_from,,10
CWTV-DEP-000798,services/api/tests/test_external_provider_clients.py,cinewatch_api.providers.watchmode,python_import_from,,11
CWTV-DEP-000799,services/api/tests/test_external_provider_clients.py,httpx,python_import,,5
CWTV-DEP-000800,services/api/tests/test_external_provider_clients.py,pydantic,python_import_from,,6
CWTV-DEP-000801,services/api/tests/test_external_service.py,__future__,python_import_from,,1
CWTV-DEP-000802,services/api/tests/test_external_service.py,asyncio,python_import,,3
CWTV-DEP-000803,services/api/tests/test_external_service.py,cinewatch_api.external.service,python_import_from,,5
CWTV-DEP-000804,services/api/tests/test_home_aggregation.py,__future__,python_import_from,,1
CWTV-DEP-000805,services/api/tests/test_home_aggregation.py,asyncio,python_import,,3
CWTV-DEP-000806,services/api/tests/test_home_aggregation.py,cinewatch_api.home.aggregation,python_import_from,,7
CWTV-DEP-000807,services/api/tests/test_home_aggregation.py,cinewatch_api.providers.errors,python_import_from,,8
CWTV-DEP-000808,services/api/tests/test_home_aggregation.py,pytest,python_import,,5
CWTV-DEP-000809,services/api/tests/test_home_endpoint.py,__future__,python_import_from,,1
CWTV-DEP-000810,services/api/tests/test_home_endpoint.py,cinewatch_api.application,python_import_from,,5
CWTV-DEP-000811,services/api/tests/test_home_endpoint.py,cinewatch_api.contracts.home,python_import_from,,6
CWTV-DEP-000812,services/api/tests/test_home_endpoint.py,cinewatch_api.home.aggregation,python_import_from,,7
CWTV-DEP-000813,services/api/tests/test_home_endpoint.py,cinewatch_api.providers.errors,python_import_from,,8
CWTV-DEP-000814,services/api/tests/test_home_endpoint.py,cinewatch_api.settings,python_import_from,,9
CWTV-DEP-000815,services/api/tests/test_home_endpoint.py,fastapi.testclient,python_import_from,,3
CWTV-DEP-000816,services/api/tests/test_home_experience.py,__future__,python_import_from,,1
CWTV-DEP-000817,services/api/tests/test_home_experience.py,asyncio,python_import,,3
CWTV-DEP-000818,services/api/tests/test_home_experience.py,cinewatch_api.home.experience,python_import_from,,5
CWTV-DEP-000819,services/api/tests/test_home_experience_endpoint.py,__future__,python_import_from,,1
CWTV-DEP-000820,services/api/tests/test_home_experience_endpoint.py,cinewatch_api.application,python_import_from,,5
CWTV-DEP-000821,services/api/tests/test_home_experience_endpoint.py,cinewatch_api.contracts.home_experience,python_import_from,,6
CWTV-DEP-000822,services/api/tests/test_home_experience_endpoint.py,cinewatch_api.home.experience,python_import_from,,11
CWTV-DEP-000823,services/api/tests/test_home_experience_endpoint.py,cinewatch_api.settings,python_import_from,,12
CWTV-DEP-000824,services/api/tests/test_home_experience_endpoint.py,fastapi.testclient,python_import_from,,3
CWTV-DEP-000825,services/api/tests/test_media_authority.py,__future__,python_import_from,,1
CWTV-DEP-000826,services/api/tests/test_media_authority.py,cinewatch_api.contracts.catalog,python_import_from,,8
CWTV-DEP-000827,services/api/tests/test_media_authority.py,cinewatch_api.database.base,python_import_from,,9
CWTV-DEP-000828,services/api/tests/test_media_authority.py,cinewatch_api.media.authority,python_import_from,,10
CWTV-DEP-000829,services/api/tests/test_media_authority.py,cinewatch_api.media.models,python_import_from,,11
CWTV-DEP-000830,services/api/tests/test_media_authority.py,datetime,python_import_from,,3
CWTV-DEP-000831,services/api/tests/test_media_authority.py,sqlalchemy,python_import_from,,5
CWTV-DEP-000832,services/api/tests/test_media_authority.py,sqlalchemy.orm,python_import_from,,6
CWTV-DEP-000833,services/api/tests/test_media_fallbacks.py,cinewatch_api.media.fallbacks,python_import_from,,1
CWTV-DEP-000834,services/api/tests/test_migration_foundation.py,alembic.config,python_import_from,,3
CWTV-DEP-000835,services/api/tests/test_migration_foundation.py,alembic.script,python_import_from,,4
CWTV-DEP-000836,services/api/tests/test_migration_foundation.py,pathlib,python_import_from,,1
CWTV-DEP-000837,services/api/tests/test_news_provider.py,__future__,python_import_from,,1
CWTV-DEP-000838,services/api/tests/test_news_provider.py,asyncio,python_import,,3
CWTV-DEP-000839,services/api/tests/test_news_provider.py,cinewatch_api.providers.newsapi,python_import_from,,8
CWTV-DEP-000840,services/api/tests/test_news_provider.py,httpx,python_import,,5
CWTV-DEP-000841,services/api/tests/test_news_provider.py,pydantic,python_import_from,,6
CWTV-DEP-000842,services/api/tests/test_news_service.py,__future__,python_import_from,,1
CWTV-DEP-000843,services/api/tests/test_news_service.py,asyncio,python_import,,3
CWTV-DEP-000844,services/api/tests/test_news_service.py,cinewatch_api.news.service,python_import_from,,5
CWTV-DEP-000845,services/api/tests/test_openapi.py,fastapi.testclient,python_import_from,,1
CWTV-DEP-000846,services/api/tests/test_provider_clients.py,__future__,python_import_from,,1
CWTV-DEP-000847,services/api/tests/test_provider_clients.py,asyncio,python_import,,3
CWTV-DEP-000848,services/api/tests/test_provider_clients.py,cinewatch_api.providers.errors,python_import_from,,8
CWTV-DEP-000849,services/api/tests/test_provider_clients.py,cinewatch_api.providers.omdb,python_import_from,,12
CWTV-DEP-000850,services/api/tests/test_provider_clients.py,cinewatch_api.providers.tmdb,python_import_from,,13
CWTV-DEP-000851,services/api/tests/test_provider_clients.py,httpx,python_import,,5
CWTV-DEP-000852,services/api/tests/test_provider_clients.py,pydantic,python_import_from,,6
CWTV-DEP-000853,services/api/tests/test_provider_settings.py,cinewatch_api.settings,python_import_from,,3
CWTV-DEP-000854,services/api/tests/test_provider_settings.py,pydantic,python_import_from,,1
CWTV-DEP-000855,services/api/tests/test_request_id.py,fastapi.testclient,python_import_from,,1
CWTV-DEP-000856,services/api/tests/test_search_service.py,__future__,python_import_from,,1
CWTV-DEP-000857,services/api/tests/test_search_service.py,asyncio,python_import,,3
CWTV-DEP-000858,services/api/tests/test_search_service.py,cinewatch_api.search.service,python_import_from,,5
CWTV-DEP-000859,services/api/tests/test_settings.py,cinewatch_api.settings,python_import_from,,1
CWTV-DEP-000860,services/api/tests/test_system_endpoints.py,fastapi.testclient,python_import_from,,1
CWTV-DEP-000861,services/api/tests/test_trailer_navigation.py,cinewatch_api.api.v1,python_import_from,,8
CWTV-DEP-000862,services/api/tests/test_trailer_navigation.py,cinewatch_api.application,python_import_from,,9
CWTV-DEP-000863,services/api/tests/test_trailer_navigation.py,cinewatch_api.catalog.service,python_import_from,,10
CWTV-DEP-000864,services/api/tests/test_trailer_navigation.py,cinewatch_api.settings,python_import_from,,11
CWTV-DEP-000865,services/api/tests/test_trailer_navigation.py,fastapi.testclient,python_import_from,,6
CWTV-DEP-000866,services/api/tests/test_trailer_navigation.py,pytest,python_import,,5
CWTV-DEP-000867,services/api/tests/test_trailer_navigation.py,urllib.parse,python_import_from,,3
CWTV-DEP-000868,services/api/tests/test_voice_staging.py,__future__,python_import_from,,1
CWTV-DEP-000869,services/api/tests/test_voice_staging.py,base64,python_import,,3
CWTV-DEP-000870,services/api/tests/test_voice_staging.py,cinewatch_api.contracts.voice,python_import_from,,11
CWTV-DEP-000871,services/api/tests/test_voice_staging.py,cinewatch_api.voice.service,python_import_from,,12
CWTV-DEP-000872,services/api/tests/test_voice_staging.py,io,python_import_from,,7
CWTV-DEP-000873,services/api/tests/test_voice_staging.py,json,python_import,,4
CWTV-DEP-000874,services/api/tests/test_voice_staging.py,os,python_import,,5
CWTV-DEP-000875,services/api/tests/test_voice_staging.py,pytest,python_import,,9
CWTV-DEP-000876,services/api/tests/test_voice_staging.py,wave,python_import,,6
CWTV-DEP-000877,tests/repository/test_a3_master_geometry_parameterization.py,__future__,python_import_from,,1
CWTV-DEP-000878,tests/repository/test_a3_master_geometry_parameterization.py,pathlib,python_import_from,,6
CWTV-DEP-000879,tests/repository/test_a3_master_geometry_parameterization.py,subprocess,python_import,,3
CWTV-DEP-000880,tests/repository/test_a3_master_geometry_parameterization.py,sys,python_import,,4
CWTV-DEP-000881,tests/repository/test_a3_master_geometry_parameterization.py,unittest,python_import,,5
CWTV-DEP-000882,tests/repository/test_backend_skeleton.py,__future__,python_import_from,,1
CWTV-DEP-000883,tests/repository/test_backend_skeleton.py,pathlib,python_import_from,,5
CWTV-DEP-000884,tests/repository/test_backend_skeleton.py,subprocess,python_import,,3
CWTV-DEP-000885,tests/repository/test_backend_skeleton.py,unittest,python_import,,4
CWTV-DEP-000886,tests/repository/test_brand_streaming_signature_selection.py,__future__,python_import_from,,1
CWTV-DEP-000887,tests/repository/test_brand_streaming_signature_selection.py,pathlib,python_import_from,,6
CWTV-DEP-000888,tests/repository/test_brand_streaming_signature_selection.py,subprocess,python_import,,3
CWTV-DEP-000889,tests/repository/test_brand_streaming_signature_selection.py,sys,python_import,,4
CWTV-DEP-000890,tests/repository/test_brand_streaming_signature_selection.py,unittest,python_import,,5
CWTV-DEP-000891,tests/repository/test_catalog_experience.py,__future__,python_import_from,,1
CWTV-DEP-000892,tests/repository/test_catalog_experience.py,pathlib,python_import_from,,6
CWTV-DEP-000893,tests/repository/test_catalog_experience.py,subprocess,python_import,,3
CWTV-DEP-000894,tests/repository/test_catalog_experience.py,sys,python_import,,4
CWTV-DEP-000895,tests/repository/test_catalog_experience.py,unittest,python_import,,5
CWTV-DEP-000896,tests/repository/test_ci_security_quality.py,__future__,python_import_from,,1
CWTV-DEP-000897,tests/repository/test_ci_security_quality.py,pathlib,python_import_from,,6
CWTV-DEP-000898,tests/repository/test_ci_security_quality.py,subprocess,python_import,,3
CWTV-DEP-000899,tests/repository/test_ci_security_quality.py,sys,python_import,,4
CWTV-DEP-000900,tests/repository/test_ci_security_quality.py,unittest,python_import,,5
CWTV-DEP-000901,tests/repository/test_contract_foundation.py,__future__,python_import_from,,1
CWTV-DEP-000902,tests/repository/test_contract_foundation.py,pathlib,python_import_from,,6
CWTV-DEP-000903,tests/repository/test_contract_foundation.py,subprocess,python_import,,3
CWTV-DEP-000904,tests/repository/test_contract_foundation.py,sys,python_import,,4
CWTV-DEP-000905,tests/repository/test_contract_foundation.py,unittest,python_import,,5
CWTV-DEP-000906,tests/repository/test_database_foundation.py,pathlib,python_import_from,,1
CWTV-DEP-000907,tests/repository/test_dependency_security_evidence_eligibility.py,__future__,python_import_from,,1
CWTV-DEP-000908,tests/repository/test_dependency_security_evidence_eligibility.py,importlib.util,python_import,,3
CWTV-DEP-000909,tests/repository/test_dependency_security_evidence_eligibility.py,pathlib,python_import_from,,6
CWTV-DEP-000910,tests/repository/test_dependency_security_evidence_eligibility.py,sys,python_import,,4
CWTV-DEP-000911,tests/repository/test_dependency_security_evidence_eligibility.py,unittest,python_import,,5
CWTV-DEP-000912,tests/repository/test_engineering_chronicle.py,__future__,python_import_from,,1
CWTV-DEP-000913,tests/repository/test_engineering_chronicle.py,pathlib,python_import_from,,5
CWTV-DEP-000914,tests/repository/test_engineering_chronicle.py,subprocess,python_import,,3
CWTV-DEP-000915,tests/repository/test_engineering_chronicle.py,sys,python_import,,4
CWTV-DEP-000916,tests/repository/test_engineering_chronicle.py,unittest,python_import,,6
CWTV-DEP-000917,tests/repository/test_frontend_skeleton.py,__future__,python_import_from,,1
CWTV-DEP-000918,tests/repository/test_frontend_skeleton.py,pathlib,python_import_from,,6
CWTV-DEP-000919,tests/repository/test_frontend_skeleton.py,subprocess,python_import,,3
CWTV-DEP-000920,tests/repository/test_frontend_skeleton.py,sys,python_import,,4
CWTV-DEP-000921,tests/repository/test_frontend_skeleton.py,unittest,python_import,,5
CWTV-DEP-000922,tests/repository/test_homepage_data_foundation.py,__future__,python_import_from,,1
CWTV-DEP-000923,tests/repository/test_homepage_data_foundation.py,pathlib,python_import_from,,6
CWTV-DEP-000924,tests/repository/test_homepage_data_foundation.py,subprocess,python_import,,3
CWTV-DEP-000925,tests/repository/test_homepage_data_foundation.py,sys,python_import,,4
CWTV-DEP-000926,tests/repository/test_homepage_data_foundation.py,unittest,python_import,,5
CWTV-DEP-000927,tests/repository/test_homepage_experience.py,__future__,python_import_from,,1
CWTV-DEP-000928,tests/repository/test_homepage_experience.py,pathlib,python_import_from,,6
CWTV-DEP-000929,tests/repository/test_homepage_experience.py,subprocess,python_import,,3
CWTV-DEP-000930,tests/repository/test_homepage_experience.py,sys,python_import,,4
CWTV-DEP-000931,tests/repository/test_homepage_experience.py,unittest,python_import,,5
CWTV-DEP-000932,tests/repository/test_nexvox_ci_checkout_history.py,__future__,python_import_from,,1
CWTV-DEP-000933,tests/repository/test_nexvox_ci_checkout_history.py,pathlib,python_import_from,,5
CWTV-DEP-000934,tests/repository/test_nexvox_ci_checkout_history.py,re,python_import,,3
CWTV-DEP-000935,tests/repository/test_nexvox_ci_checkout_history.py,unittest,python_import,,4
CWTV-DEP-000936,tests/repository/test_nexvox_engineering_corpus.py,__future__,python_import_from,,1
CWTV-DEP-000937,tests/repository/test_nexvox_engineering_corpus.py,importlib.util,python_import,,3
CWTV-DEP-000938,tests/repository/test_nexvox_engineering_corpus.py,pathlib,python_import_from,,6
CWTV-DEP-000939,tests/repository/test_nexvox_engineering_corpus.py,subprocess,python_import,,4
CWTV-DEP-000940,tests/repository/test_nexvox_engineering_corpus.py,unittest,python_import,,5
CWTV-DEP-000941,tests/repository/test_production_brand_assets.py,__future__,python_import_from,,1
CWTV-DEP-000942,tests/repository/test_production_brand_assets.py,pathlib,python_import_from,,6
CWTV-DEP-000943,tests/repository/test_production_brand_assets.py,subprocess,python_import,,3
CWTV-DEP-000944,tests/repository/test_production_brand_assets.py,sys,python_import,,4
CWTV-DEP-000945,tests/repository/test_production_brand_assets.py,unittest,python_import,,5
CWTV-DEP-000946,tests/repository/test_provider_runtime.py,__future__,python_import_from,,1
CWTV-DEP-000947,tests/repository/test_provider_runtime.py,pathlib,python_import_from,,6
CWTV-DEP-000948,tests/repository/test_provider_runtime.py,subprocess,python_import,,3
CWTV-DEP-000949,tests/repository/test_provider_runtime.py,sys,python_import,,4
CWTV-DEP-000950,tests/repository/test_provider_runtime.py,unittest,python_import,,5
CWTV-DEP-000951,tests/repository/test_refinement_regression.py,__future__,python_import_from,,1
CWTV-DEP-000952,tests/repository/test_refinement_regression.py,pathlib,python_import_from,,6
CWTV-DEP-000953,tests/repository/test_refinement_regression.py,subprocess,python_import,,3
CWTV-DEP-000954,tests/repository/test_refinement_regression.py,sys,python_import,,4
CWTV-DEP-000955,tests/repository/test_refinement_regression.py,unittest,python_import,,5
CWTV-DEP-000956,tests/repository/test_repository_tree.py,__future__,python_import_from,,1
CWTV-DEP-000957,tests/repository/test_repository_tree.py,pathlib,python_import_from,,5
CWTV-DEP-000958,tests/repository/test_repository_tree.py,subprocess,python_import,,3
CWTV-DEP-000959,tests/repository/test_repository_tree.py,unittest,python_import,,4
CWTV-DEP-000960,tests/repository/test_ssm_evidence_eligibility.py,__future__,python_import_from,,1
CWTV-DEP-000961,tests/repository/test_ssm_evidence_eligibility.py,importlib.util,python_import,,3
CWTV-DEP-000962,tests/repository/test_ssm_evidence_eligibility.py,pathlib,python_import_from,,6
CWTV-DEP-000963,tests/repository/test_ssm_evidence_eligibility.py,sys,python_import,,4
CWTV-DEP-000964,tests/repository/test_ssm_evidence_eligibility.py,unittest,python_import,,5
CWTV-DEP-000965,tests/repository/test_termux_linux_workflow.py,__future__,python_import_from,,1
CWTV-DEP-000966,tests/repository/test_termux_linux_workflow.py,pathlib,python_import_from,,6
CWTV-DEP-000967,tests/repository/test_termux_linux_workflow.py,subprocess,python_import,,3
CWTV-DEP-000968,tests/repository/test_termux_linux_workflow.py,sys,python_import,,4
CWTV-DEP-000969,tests/repository/test_termux_linux_workflow.py,unittest,python_import,,5
