chain_id,milestone,failure_event,failure_type,failure_summary,correction_event,correction_id,correction_summary,resolution_event,resolution_type,resolution_summary,chain_state
CWTV-FC-00001,CWTV.V1.2.3,CWTV-EVT-000014,DEPENDENCY_INSTALL_FAILED,Native Termux installation fell back to building pydantic-core and failed on the Android Rust target boundary.,CWTV-EVT-000016,CWTV.V1.2.3_RUNTIME_BOUNDARY_REFINEMENT,Ubuntu 26.04 ARM64 PRoot with external Python virtualenv established as the phone backend runtime.,CWTV-EVT-000016,CORRECTION_APPLIED,Ubuntu 26.04 ARM64 PRoot with external Python virtualenv established as the phone backend runtime.,CORRECTED
CWTV-FC-00002,CWTV.V1.2.4,CWTV-EVT-000022,LINT_FAILED,ESLint 10.10.0 failed while loading react/display-name because the React plugin called a removed context filename API.,CWTV-EVT-000023,CWTV.V1.2.4_R1,R1 pinned ESLint 9.39.5 and corrected EOF whitespace defects.,CWTV-EVT-000023,CORRECTION_GENERATED,R1 pinned ESLint 9.39.5 and corrected EOF whitespace defects.,CORRECTED
CWTV-FC-00003,CWTV.V1.2.4,CWTV-EVT-000024,DEPENDENCY_TREE_FAILED,A stale workspace-local ESLint 10.10.0 lock resolution remained after the source package pin and made npm report ELSPROBLEMS.,CWTV-EVT-000025,CWTV.V1.2.4_R1_LOCK_RECONCILIATION,npm workspace lock was explicitly reconciled to ESLint 9.39.5 and a clean npm ci removed the invalid local resolution.,CWTV-EVT-000025,CORRECTION_APPLIED,npm workspace lock was explicitly reconciled to ESLint 9.39.5 and a clean npm ci removed the invalid local resolution.,CORRECTED
CWTV-FC-00004,CWTV.V1.2.5,CWTV-EVT-000032,MIGRATION_QUALIFICATION_FAILED,Offline migration qualification exported DATABASE_URL into the later settings test and violated the optional-database configuration contract.,CWTV-EVT-000034,CWTV.V1.2.5_R1,R1 isolated the placeholder database URL to the Alembic command and added regression checks for environment isolation.,CWTV-EVT-000034,CORRECTION_GENERATED,R1 isolated the placeholder database URL to the Alembic command and added regression checks for environment isolation.,CORRECTED
CWTV-FC-00005,CWTV.V1.2.5.1,CWTV-EVT-000044,STATIC_QUALIFICATION_FAILED,Chronicle static qualification failed.,CWTV-EVT-000050,CWTV.V1.2.5.1_R1_Self_Recording_Projection_Consistency_Correction,R1 synchronized generated Chronicle projections after STARTED events before self-recorded commands execute.,CWTV-EVT-000050,CORRECTION_APPLIED,R1 synchronized generated Chronicle projections after STARTED events before self-recorded commands execute.,CORRECTED
CWTV-FC-00006,CWTV.V1.2.5.1,CWTV-EVT-000046,REPOSITORY_REGRESSION_FAILED,Repository regression after chronicle foundation failed.,CWTV-EVT-000050,CWTV.V1.2.5.1_R1_Self_Recording_Projection_Consistency_Correction,R1 synchronized generated Chronicle projections after STARTED events before self-recorded commands execute.,CWTV-EVT-000050,CORRECTION_APPLIED,R1 synchronized generated Chronicle projections after STARTED events before self-recorded commands execute.,CORRECTED
CWTV-FC-00007,CWTV.V1.2.5.1,CWTV-EVT-000057,VISUAL_QUALIFICATION_FAILED,Rendered dashboard was structurally accurate but failed responsive visual qualification.,CWTV-EVT-000061,CWTV.V1.2.5.1_R2,"R2 removed fixed-width overflow patterns and introduced responsive semantic color, adaptive chart rendering and motion.",CWTV-EVT-000061,CORRECTION_APPLIED,"R2 removed fixed-width overflow patterns and introduced responsive semantic color, adaptive chart rendering and motion.",CORRECTED
CWTV-FC-00008,CWTV.V1.2.6,CWTV-EVT-000075,CONTRACT_RUNTIME_QUALIFICATION_FAILED,Contract runtime qualification failed because the checker assumed openapi-typescript was hoisted into repository-root node_modules.,CWTV-EVT-000080,CWTV.V1.2.6_R1,R1 replaced root-node_modules assumptions with npm workspace resolution for openapi-typescript runtime qualification.,CWTV-EVT-000080,CORRECTION_APPLIED,R1 replaced root-node_modules assumptions with npm workspace resolution for openapi-typescript runtime qualification.,CORRECTED
CWTV-FC-00009,CWTV.V1.2.7,CWTV-EVT-000093,RUNTIME_QUALIFICATION_FAILED,CWTV.V1.2.7 native runtime qualification initially failed because the Termux zip packaging utility was unavailable,,,,CWTV-EVT-000096,RUNTIME_QUALIFICATION_PASSED,CWTV.V1.2.7 Termux/Linux engineering workflow runtime qualification passed,RESOLVED_BY_PASS
CWTV-FC-00010,CWTV.V1.2.7,CWTV-EVT-000094,RUNTIME_QUALIFICATION_FAILED,CWTV.V1.2.7 native runtime qualification initially failed because the Termux zip packaging utility was unavailable,,,,CWTV-EVT-000096,RUNTIME_QUALIFICATION_PASSED,CWTV.V1.2.7 Termux/Linux engineering workflow runtime qualification passed,RESOLVED_BY_PASS
CWTV-FC-00011,CWTV.V1.2.7,CWTV-EVT-000097,STAGED_DIFF_CHECK_FAILED,Final staged diff qualification detected trailing whitespace in the CWTV.V1.2.7 architecture document and ADR,CWTV-EVT-000098,,Removed trailing whitespace from the CWTV.V1.2.7 architecture document and ADR and restaged both files,CWTV-EVT-000098,CORRECTION_APPLIED,Removed trailing whitespace from the CWTV.V1.2.7 architecture document and ADR and restaged both files,CORRECTED
CWTV-FC-00012,CWTV.V1.2.8,CWTV-EVT-000108,SECURITY_RUNTIME_QUALIFICATION_FAILED,V1.2.8 security runtime qualification detected a high-severity js-yaml advisory in the OpenAPI contract-generation dependency path.,CWTV-EVT-000113,,Applied a root-scoped @redocly/openapi-core -> js-yaml 4.3.2 override without changing openapi-typescript 7.13.0.,CWTV-EVT-000113,CORRECTION_APPLIED,Applied a root-scoped @redocly/openapi-core -> js-yaml 4.3.2 override without changing openapi-typescript 7.13.0.,CORRECTED
CWTV-FC-00013,CWTV.V1.2.8,CWTV-EVT-000114,SECURITY_RUNTIME_QUALIFICATION_FAILED,R1 dependency-resolution qualification failed because npm 12.0.2 recognized the Redocly-scoped js-yaml override but retained js-yaml 4.3.1 in the installed Redocly subtree.,CWTV-EVT-000119,,Replaced the ineffective parent-scoped Redocly override with a root-global js-yaml 4.3.2 override.,CWTV-EVT-000119,CORRECTION_APPLIED,Replaced the ineffective parent-scoped Redocly override with a root-global js-yaml 4.3.2 override.,CORRECTED
CWTV-FC-00014,CWTV.V1.3.1,CWTV-EVT-000135,BLOCKER_IDENTIFIED,Detected a NexVox source/projection boundary violation in commit 3f9f175: a commit marked NexVox-Projection true also contains the CineWatch Brand and Streaming Signature Authority and Chronicle source changes. The already-pushed commit is preserved as historical evidence and will not be rewritten.,CWTV-EVT-000136,CWTV-NEXVOX-PROJECTION-BOUNDARY-R1,"Applied append-only recovery for malformed projection 3f9f175 by preserving the pushed commit, establishing a new ordinary source boundary from the corrective engineering record, and requiring the next NexVox projection to target that new source commit.",CWTV-EVT-000136,CORRECTION_APPLIED,"Applied append-only recovery for malformed projection 3f9f175 by preserving the pushed commit, establishing a new ordinary source boundary from the corrective engineering record, and requiring the next NexVox projection to target that new source commit.",CORRECTED
CWTV-FC-00015,CWTV.V1.3.3.2,CWTV-EVT-000169,CI_QUALIFICATION_FAILED,Remote Linux CI passed all runtime and migration gates but detected generated Next.js next-env.d.ts drift after the production build.,,,,CWTV-EVT-000171,CI_QUALIFICATION_PASSED,Remote CineWatch CI qualified the exact reconciled Test-02 branch authority.,RESOLVED_BY_PASS
CWTV-FC-00016,CWTV.V1.3.3.2.4,CWTV-EVT-000176,TEST_FAILED,Predecessor CI37301292042 failed production npm audit on critical Next.js GHSA-vcvr-r3jv-pc5j; failure retained after correction.,CWTV-EVT-000179,CWTV-EVT-000178,Recorded same strict Python audit retry with an explicit writable cache: no known vulnerabilities. No source or application dependency change.,CWTV-EVT-000179,CORRECTION_APPLIED,Recorded same strict Python audit retry with an explicit writable cache: no known vulnerabilities. No source or application dependency change.,CORRECTED
CWTV-FC-00017,CWTV.V1.3.3.2.4,CWTV-EVT-000178,TEST_FAILED,Strict Python audit bootstrap failed before auditing: default cache directory was read-only; original failure is preserved.,CWTV-EVT-000179,CWTV-EVT-000178,Recorded same strict Python audit retry with an explicit writable cache: no known vulnerabilities. No source or application dependency change.,CWTV-EVT-000179,CORRECTION_APPLIED,Recorded same strict Python audit retry with an explicit writable cache: no known vulnerabilities. No source or application dependency change.,CORRECTED
CWTV-FC-00018,CWTV.V1.3.3.2.4,CWTV-EVT-000180,TEST_FAILED,PR14 CI37329456030 checked out a synthetic merge SHA and failed NexVox HEAD binding; it is not a failure of the patched dependency.,,,,CWTV-EVT-000182,TEST_PASSED,Independent exact-HEAD candidate CI37329234294 passed both required jobs before non-force Main promotion; it preceded the later PR synthetic-checkout failure.,RESOLVED_BY_PASS
CWTV-FC-00019,CWTV.V1.3.3.2.3,CWTV-EVT-000185,OBJECTIVE_FAILED,"001 P1: library card discarded selected video identity/language/type, so valid Spanish-only or outside-first-20 Clip selections could be unavailable at destination.",CWTV-EVT-000187,CWTV-002-P1,Immutable 002 preserved title-linked video_key/video_language/video_type and backend membership verification/pinning; language/type/YouTube rejection regressions were added.,CWTV-EVT-000187,CORRECTION_APPLIED,Immutable 002 preserved title-linked video_key/video_language/video_type and backend membership verification/pinning; language/type/YouTube rejection regressions were added.,CORRECTED
CWTV-FC-00020,CWTV.V1.3.3.2.3,CWTV-EVT-000186,OBJECTIVE_FAILED,001 P2: upstream total_pages could advertise page 501 although CineWatch allows only pages through 500.,CWTV-EVT-000188,CWTV-002-P2,"002 shared MAX_TRAILER_PAGE=500 bounds admit 499→500, make 500 terminal and reject 501 before upstream access.",CWTV-EVT-000188,CORRECTION_APPLIED,"002 shared MAX_TRAILER_PAGE=500 bounds admit 499→500, make 500 terminal and reject 501 before upstream access.",CORRECTED
CWTV-FC-00021,CWTV.V1.3.3.2.3,CWTV-EVT-000191,APPLICATION_FAILED,"D003 payload hashes passed, but helper forced 0644 and removed two tracked executable modes. Complete Git tree was 24b56a85… rather than 274e466b…; mandatory promotion gate stopped.",CWTV-EVT-000195,CWTV-D004-GIT-MODES,D004 uses validated explicit Git modes/blobs and complete-tree preflight plus applied-tree regression. All 53 payload bytes remain D003-identical; both executable scripts retain 100755.,CWTV-EVT-000195,CORRECTION_APPLIED,D004 uses validated explicit Git modes/blobs and complete-tree preflight plus applied-tree regression. All 53 payload bytes remain D003-identical; both executable scripts retain 100755.,CORRECTED
CWTV-FC-00022,CWTV.V1.3.3.2.3,CWTV-EVT-000192,EXECUTION_FAILED,"After the D003 tree assertion failed, a local qualification command inadvertently started because the shell sequence lacked fail-fast; it was stopped, no complete result claimed, and Main did not advance.",CWTV-EVT-000196,CWTV-D004-STOP-BOUNDARY,D004 qualification checked each command outcome and exact applied tree before continuing; the D003 stopped attempt was preserved and no replacement source candidate was created.,CWTV-EVT-000196,CORRECTION_APPLIED,D004 qualification checked each command outcome and exact applied tree before continuing; the D003 stopped attempt was preserved and no replacement source candidate was created.,CORRECTED
CWTV-FC-00023,CWTV.V1.3.3.2.3,CWTV-EVT-000193,EXECUTION_FAILED,Closure recording wrapper appended nine valid events then stopped because its add helper omitted the returned event. Existing appended events were preserved; no closure commit or publication occurred.,CWTV-EVT-000194,CWTV-E004-RECORDING-WRAPPER,External recording wrapper now returns the appended event and resumes only after the existing nine events. Append-only predecessor bytes and prior failure events remain intact.,CWTV-EVT-000194,CORRECTION_APPLIED,External recording wrapper now returns the appended event and resumes only after the existing nine events. Append-only predecessor bytes and prior failure events remain intact.,CORRECTED
CWTV-FC-00024,CWTV.V1.3.3.2.3,CWTV-EVT-000197,VERIFIER_FAILED,"D004 fresh Drive readback verifier initially omitted payload/ from archive paths and raised a missing-entry error; this was an external verifier defect, not corrupted package content.",CWTV-EVT-000198,CWTV-D004-READBACK-PREFIX,"Readback verifier used the actual payload/ archive layout and verified checksum, CRC, safe paths, manifest and all payload modes/blobs without changing D004.",CWTV-EVT-000198,CORRECTION_APPLIED,"Readback verifier used the actual payload/ archive layout and verified checksum, CRC, safe paths, manifest and all payload modes/blobs without changing D004.",CORRECTED
CWTV-FC-00025,CWTV.V1.3.3.2.3,CWTV-EVT-000201,CLASSIFICATION_FAILED,New interpreted delivery evidence initially inherited default TRAINING_ELIGIBLE; focused regression demonstrated the missing review gate for the new evidence namespace.,CWTV-EVT-000202,CWTV-E004-REVIEW-GATE,"Minimal discovery-delivery path classification now requires human training review, alongside unchanged SSM/security review gates; focused regression passed. No application source or dependency changed.",CWTV-EVT-000202,CORRECTION_APPLIED,"Minimal discovery-delivery path classification now requires human training review, alongside unchanged SSM/security review gates; focused regression passed. No application source or dependency changed.",CORRECTED
CWTV-FC-00026,CWTV.V1.3.3.2.3,CWTV-EVT-000205,EXECUTION_FAILED,Read-only SSM runtime inspection exited127 because the non-interactive ubuntu shell did not expose Node/npm through PATH; no production source/configuration was changed.,CWTV-EVT-000206,CWTV-SSM-NODE-SELECTOR,Selected the existing systemd Node24.18.0 runtime path explicitly; governed npm12.0.2 and existing Python3.14.6 consistency passed without a host installation or configuration change.,CWTV-EVT-000206,CORRECTION_APPLIED,Selected the existing systemd Node24.18.0 runtime path explicitly; governed npm12.0.2 and existing Python3.14.6 consistency passed without a host installation or configuration change.,CORRECTED
CWTV-FC-00027,CWTV.V1.3.3.2.3,CWTV-EVT-000210,QUALIFICATION_HARNESS_FAILED,Native Chromium proxy trust failed; persistent multi-CA write was rejected by automatic review. Browser harness strict-selector/quoting/navigation/render timing failures were preserved; no production defect demonstrated.,CWTV-EVT-000211,CWTV-LIVE-BROWSER-TRANSPORT-HARNESS,Used actual live responses with TLS-verified temporary transport and explicit render/count waits; isolated Genres proof and final29 browser checks passed. Owner Android independently confirmed Genres12/24/27.,CWTV-EVT-000211,CORRECTION_APPLIED,Used actual live responses with TLS-verified temporary transport and explicit render/count waits; isolated Genres proof and final29 browser checks passed. Owner Android independently confirmed Genres12/24/27.,CORRECTED
CWTV-FC-00028,CWTV.V1.3.3.2.5,CWTV-EVT-000215,RECORDING_FAILED,"Initial milestone command was rejected before append because its details key authorization is prohibited by the Chronicle secret-key guard; the value contained no credential. Workflow reread, guard retained, details renamed to execution_boundary and opening event appended successfully.",CWTV-EVT-000216,CWTV-PRIVACY-CHRONICLE-DETAIL-KEY,"Retained Chronicle sensitive-key validation and corrected the recording invocation; milestone/projections/hash chain verified, without rewriting prior events.",CWTV-EVT-000216,CORRECTION_APPLIED,"Retained Chronicle sensitive-key validation and corrected the recording invocation; milestone/projections/hash chain verified, without rewriting prior events.",CORRECTED
CWTV-FC-00029,CWTV.V1.3.3.2.5,CWTV-EVT-000226,QUALIFICATION_FAILED,frontend qualification failed.,CWTV-EVT-000228,CWTV-PRIVACY-CLOUD-PIPE,Use an external curl stdout buffer preserving real HTTP/TLS/error status and exact repository smoke assertions; select an unused isolated web test port. Repository scripts remain unchanged.,CWTV-EVT-000228,CORRECTION_APPLIED,Use an external curl stdout buffer preserving real HTTP/TLS/error status and exact repository smoke assertions; select an unused isolated web test port. Repository scripts remain unchanged.,CORRECTED
CWTV-FC-00030,CWTV.V1.3.3.2.5,CWTV-EVT-000240,QUALIFICATION_FAILED,security qualification failed.,CWTV-EVT-000242,CWTV-PRIVACY-AUDIT-CACHE,"Select writable task-local XDG/PIP caches without changing dependencies, audit strictness, HOME or repository policy; rerun the original audit.",CWTV-EVT-000242,CORRECTION_APPLIED,"Select writable task-local XDG/PIP caches without changing dependencies, audit strictness, HOME or repository policy; rerun the original audit.",CORRECTED
CWTV-FC-00031,CWTV.V1.3.3.2.5,CWTV-EVT-000246,QUALIFICATION_FAILED,npm-production qualification failed.,CWTV-EVT-000249,CWTV-PRIVACY-MILESTONE-IDENTITY,Allocated unused CWTV.V1.3.3.2.5; preserved all 213 canonical predecessor events byte-for-byte and rebound only unpublished Privacy events retaining exact original timestamps/results. Original misassigned draft preserved externally with SHA256; no published history rewritten.,CWTV-EVT-000249,CORRECTION_APPLIED,Allocated unused CWTV.V1.3.3.2.5; preserved all 213 canonical predecessor events byte-for-byte and rebound only unpublished Privacy events retaining exact original timestamps/results. Original misassigned draft preserved externally with SHA256; no published history rewritten.,CORRECTED
CWTV-FC-00032,CWTV.V1.3.3.2.5,CWTV-EVT-000248,RECONCILIATION_FAILED,"The unpublished Privacy draft reused milestone CWTV.V1.3.3.2.4, already assigned to the prior Next.js security correction; its inherited qualified status was not valid Privacy progress.",CWTV-EVT-000249,CWTV-PRIVACY-MILESTONE-IDENTITY,Allocated unused CWTV.V1.3.3.2.5; preserved all 213 canonical predecessor events byte-for-byte and rebound only unpublished Privacy events retaining exact original timestamps/results. Original misassigned draft preserved externally with SHA256; no published history rewritten.,CWTV-EVT-000249,CORRECTION_APPLIED,Allocated unused CWTV.V1.3.3.2.5; preserved all 213 canonical predecessor events byte-for-byte and rebound only unpublished Privacy events retaining exact original timestamps/results. Original misassigned draft preserved externally with SHA256; no published history rewritten.,CORRECTED
CWTV-FC-00033,CWTV.V1.3.3.2.5,CWTV-EVT-000277,EXECUTION_FAILED,"A publication-preparation read ran before the asynchronous projection command finished; its expected projection-check log was not yet present, so the preparation stopped before any GitHub ref write. Workflow reread and command completion awaited.",CWTV-EVT-000278,CWTV-PRIVACY-SEQUENTIAL-CHECKPOINT,"Awaited the projection process, verified its exact source identity/path purity/deterministic checks and clean tree, then published exact matching Git objects without recreating identities.",CWTV-EVT-000278,CORRECTION_APPLIED,"Awaited the projection process, verified its exact source identity/path purity/deterministic checks and clean tree, then published exact matching Git objects without recreating identities.",CORRECTED
CWTV-FC-00034,CWTV.V1.3.3.2.5,CWTV-EVT-000281,RECORDING_FAILED,Closure Chronicle checker rejected an unpublished COMMIT_CREATED event marked exact instead of mandatory commit-derived; no closure publication occurred.,CWTV-EVT-000282,CWTV-PRIVACY-COMMIT-TIMESTAMP,"Used actual source Git committer time and commit-derived precision for the unpublished commit event. Preserved all canonical276 events byte-for-byte, original failed draft externally, and the checker unchanged.",CWTV-EVT-000282,CORRECTION_APPLIED,"Used actual source Git committer time and commit-derived precision for the unpublished commit event. Preserved all canonical276 events byte-for-byte, original failed draft externally, and the checker unchanged.",CORRECTED
CWTV-FC-00035,CWTV.V1.3.3.2.5,CWTV-EVT-000283,ARTIFACT_GENERATION_FAILED,Governance PDF invocation used an absent guessed /usr/local/bin/python path and exited127; no source or projection replacement occurred.,CWTV-EVT-000284,CWTV-PRIVACY-PDF-RUNTIME,Reread standing workflow and used the observed ReportLab-capable runtime; the same governed PDF generator passed and Drive hash readback matched.,CWTV-EVT-000284,CORRECTION_APPLIED,Reread standing workflow and used the observed ReportLab-capable runtime; the same governed PDF generator passed and Drive hash readback matched.,CORRECTED
CWTV-FC-00036,CWTV.V1.3.3.2.5,CWTV-EVT-000289,TEST_FAILED,Original relay callback ReadError and second attempt already-handled route exceptions prevented clean harness completion; preserved both attempts. No application defect demonstrated.,CWTV-EVT-000290,CWTV-PRIVACY-LIVE-TRANSPORT,Reread workflow; instrumented actual request failures and bounded transport retries; awaited network idle and drained callbacks before context cleanup. Third run passed12 checks with300 realHTTPS responses and no errors/cancellations.,CWTV-EVT-000290,CORRECTION_APPLIED,Reread workflow; instrumented actual request failures and bounded transport retries; awaited network idle and drained callbacks before context cleanup. Third run passed12 checks with300 realHTTPS responses and no errors/cancellations.,CORRECTED
CWTV-FC-00037,CWTV.V1.3.3.2.6,CWTV-EVT-000297,TEST_FAILED,Test-first visibility regressions reproduced missing semantic text/focus/action roles and original-logo matte support; existing light muted text on tinted surface measured4.484:1. Existing22 repository tests remained green; five new tests intentionally red before implementation.,CWTV-EVT-000298,CWTV-THEME-VISIBILITY,"Added semantic text/fill/focus/control roles, locally protected hero copy with97-percent surface panel while reducing full-image washout,44px actions/shell targets and original-asset-specific mattes. Five numeric/metadata regressions now pass. TMDb lack of CORS avoids runtime canvas dependence; approved original-filename matte metadata preserves source image bytes.",CWTV-EVT-000298,CORRECTION_APPLIED,"Added semantic text/fill/focus/control roles, locally protected hero copy with97-percent surface panel while reducing full-image washout,44px actions/shell targets and original-asset-specific mattes. Five numeric/metadata regressions now pass. TMDb lack of CORS avoids runtime canvas dependence; approved original-filename matte metadata preserves source image bytes.",CORRECTED
CWTV-FC-00038,CWTV.V1.3.3.2.6,CWTV-EVT-000323,TEST_FAILED,"Local browser first pass could not qualify provider-backed states: server start omitted canonical API selector, yielding500 local API rewrites and null home props. Concurrent standard qualification build replaces same local.next artifact. Preserved log; no production defect or production mutation. Historical baseline process interrupted across usage reset; partial screenshots retained.",CWTV-EVT-000324,CWTV-UI-LOCAL-RUNTIME,"Reread saved workflow; separated full build/runtime qualification from later UI browser run, and will use canonical API/site selectors consistently for both build and local server. Preserve production source and transport failures separately.",CWTV-EVT-000324,CORRECTION_APPLIED,"Reread saved workflow; separated full build/runtime qualification from later UI browser run, and will use canonical API/site selectors consistently for both build and local server. Preserve production source and transport failures separately.",CORRECTED
CWTV-FC-00039,CWTV.V1.3.3.2.6,CWTV-EVT-000326,TEST_FAILED,Rendered browser and independent review caught legacy light CSS attribute-specificity overriding appended semantic rules: actual search placeholder3.539:1. News action remained19.6875px. Existing first-pass screenshots/metrics retained; no production publication.,CWTV-EVT-000327,CWTV-THEME-CASCADE,Reread workflow and matched semantic selector specificity to legacy light-theme selectors so later colour roles apply in both selected themes; raised News action to44px. Rendered regression metrics remain required; no checker weakened. Browser telemetry/drain now bounded with active real requests tracked separately.,CWTV-EVT-000327,CORRECTION_APPLIED,Reread workflow and matched semantic selector specificity to legacy light-theme selectors so later colour roles apply in both selected themes; raised News action to44px. Rendered regression metrics remain required; no checker weakened. Browser telemetry/drain now bounded with active real requests tracked separately.,CORRECTED
CWTV-FC-00040,CWTV.V1.3.3.2.6,CWTV-EVT-000328,TEST_FAILED,"Browser runs at14:00UTC received temporary503 responses; localSSRreturnednullcatalog and controlled fixture refused absenthero. FreshTLS-verified HTTP at14:07 returnedcanonicalhome200 andorganizations200, managednodeOnline. No production mutation. Partialchecks preserved as incomplete, not source/UI acceptance.",CWTV-EVT-000329,CWTV-UI-TEMPORARY-HTTP,Reread Drive workflow; bounded HTTP502/503/504 retries preserve originalstatus/body records; completed route disposal no longer rethrows recorded fixture failure. Default theme persistence now explicitly exercises userselection; all five reviewedlight artwork variants protected by unit samples. No source transport/API/security change.,CWTV-EVT-000329,CORRECTION_APPLIED,Reread Drive workflow; bounded HTTP502/503/504 retries preserve originalstatus/body records; completed route disposal no longer rethrows recorded fixture failure. Default theme persistence now explicitly exercises userselection; all five reviewedlight artwork variants protected by unit samples. No source transport/API/security change.,CORRECTED
CWTV-FC-00041,CWTV.V1.3.3.2.6,CWTV-EVT-000330,TEST_FAILED,"Completedsevenwidthsbrowserpassrecorded326passed/eightfailed: sevenmattecomparisonskeyedorganizationdisplayname collided on twoParamountrecordswithdifferentoriginalassets; fixturewebsitequerysubstringmatchedorganizationnameNoOfficialWebsiteAvailable. All actualcontrast/layout/control/logo checks passed; failures retained as harness assertions, no source changes.",CWTV-EVT-000331,CWTV-UI-ASSET-IDENTITY,"Reread workflow; compare originalart/mattes by exactassetURL instead of nonunique displayname, and queryactualorganizationexternal action rather than substringname. This preserves source identity and verifies intended absentaction. Reexecuting entiresevenwidthsuite with unchanged application tree.",CWTV-EVT-000331,CORRECTION_APPLIED,"Reread workflow; compare originalart/mattes by exactassetURL instead of nonunique displayname, and queryactualorganizationexternal action rather than substringname. This preserves source identity and verifies intended absentaction. Reexecuting entiresevenwidthsuite with unchanged application tree.",CORRECTED
CWTV-FC-00042,CWTV.V1.3.3.2.6,CWTV-EVT-000364,PUBLICATION_INPUT_FAILED,A transcribed closure SHA was invalid. git rev-list rejected it before GitHub mutation; no commit/ref was replaced.,,,,,,,UNPAIRED_FAILURE
CWTV-FC-00043,CWTV.V1.3.3.2.6,CWTV-EVT-000366,PRAXIS_UPSTREAM_ACCESS_FAILED,"Praxis CI anonymous upstream reads failed while CineWatch was private. Tests, offline integrity and temporal checks passed; workspace authenticated access passed independently. This was an access boundary, not corrupted corpus or a production defect.",,,,,,,UNPAIRED_FAILURE
CWTV-FC-00044,CWTV.V1.3.3.2.7,CWTV-EVT-000383,TOOLING_FAILED,Initial milestone append rejected sensitive-key metadata name; no ledger mutation occurred.,CWTV-EVT-000384,,Reread workflow/schema; scope recorded in supported summary/evidence fields; opening appended successfully.,CWTV-EVT-000384,CORRECTION_APPLIED,Reread workflow/schema; scope recorded in supported summary/evidence fields; opening appended successfully.,CORRECTED
CWTV-FC-00045,CWTV.V1.3.3.2.7,CWTV-EVT-000386,TEST_FAILED,V2 missing-feature red regression before implementation failed.,,,,CWTV-EVT-000388,TEST_PASSED,V2 focused policy and real contract validation passed.,RESOLVED_BY_PASS
CWTV-FC-00046,CWTV.V1.3.3.2.7,CWTV-EVT-000389,BOOTSTRAP_FAILED,Fresh-worktree npm used unwritable default cache; CSS extraction tool absent. Both failed before substantive qualification.,CWTV-EVT-000390,,"Reread standing workflow; reused governed npm workspace cache, installed isolated pinned CSS parser outside source. No dependency or lockfile change.",CWTV-EVT-000390,CORRECTION_APPLIED,"Reread standing workflow; reused governed npm workspace cache, installed isolated pinned CSS parser outside source. No dependency or lockfile change.",CORRECTED
CWTV-FC-00047,CWTV.V1.3.3.2.7,CWTV-EVT-000416,TEST_FAILED,"Generated media loaded and played, but seek test failed; server returned HTTP200 to range request and browser seekable range was [0,0].",CWTV-EVT-000418,,"Range-capable private synthetic server restores seeking; actual engine passes 22 browser checks for movie/episode, controls, subtitles, fullscreen, network and retry.",CWTV-EVT-000418,CORRECTION_APPLIED,"Range-capable private synthetic server restores seeking; actual engine passes 22 browser checks for movie/episode, controls, subtitles, fullscreen, network and retry.",CORRECTED
CWTV-FC-00048,CWTV.V1.3.3.2.7,CWTV-EVT-000419,TEST_FAILED,"Browser harness assumed aria-current, while established navigation signals active route through CSS classes; selector failed after first five UI assertions passed.",CWTV-EVT-000420,,Reread workflow/source; assert established activeNav/mobileActive classes instead of changing tested active-route behavior.,CWTV-EVT-000420,CORRECTION_APPLIED,Reread workflow/source; assert established activeNav/mobileActive classes instead of changing tested active-route behavior.,CORRECTED
CWTV-FC-00049,CWTV.V1.3.3.2.7,CWTV-EVT-000421,TEST_FAILED,Independent review and new red test demonstrated nested main landmark in route within established SiteFrame main.,CWTV-EVT-000422,,Changed only route wrapper to labelled section; six focused tests pass. Expanded engine browser qualification for gesture/PiP/keyboard review gaps.,CWTV-EVT-000422,CORRECTION_APPLIED,Changed only route wrapper to labelled section; six focused tests pass. Expanded engine browser qualification for gesture/PiP/keyboard review gaps.,CORRECTED
CWTV-FC-00050,CWTV.V1.3.3.2.7,CWTV-EVT-000425,TEST_FAILED,Real HTTP check showed Next streamed permanentRedirect as HTTP200 meta refresh after async layout; canonical destination correct but transport status was not permanent308.,CWTV-EVT-000426,,Added narrow Next routing-level permanent redirect before rendering; retained page fallback. No Nginx/DNS changes; red policy regression demonstrates missing rule.,CWTV-EVT-000426,CORRECTION_APPLIED,Added narrow Next routing-level permanent redirect before rendering; retained page fallback. No Nginx/DNS changes; red policy regression demonstrates missing rule.,CORRECTED
CWTV-FC-00051,CWTV.V1.3.3.2.7,CWTV-EVT-000428,QUALIFICATION_FAILED,Final V2 route and routing-level redirect production build/runtime failed.,CWTV-EVT-000430,,Root branding predicate retained; grep now consumes full HTTP stream under pipefail. New large-stream regression passes; no application/dependency change.,CWTV-EVT-000430,CORRECTION_APPLIED,Root branding predicate retained; grep now consumes full HTTP stream under pipefail. New large-stream regression passes; no application/dependency change.,CORRECTED
CWTV-FC-00052,CWTV.V1.3.3.2.7,CWTV-EVT-000436,PUBLICATION_FAILED,update_ref cannot create an absent branch despite wrapper wording; API422 and workflow dispatch422 returned before ref/workflow existed.,CWTV-EVT-000437,,"Reread workflow and API contract; explicitly created isolated ref non-force, preserved exact source/projection and Main. CI37831749542 then passed both jobs.",CWTV-EVT-000437,CORRECTION_APPLIED,"Reread workflow and API contract; explicitly created isolated ref non-force, preserved exact source/projection and Main. CI37831749542 then passed both jobs.",CORRECTED
CWTV-FC-00053,CWTV.V1.3.3.2.7,CWTV-EVT-000438,TOOL_TRANSPORT_FAILED,One local exec transport disconnected during CI inspection; no source/ref or AWS action executed from that failed request.,CWTV-EVT-000439,,Read environment status and retried harmless pwd successfully. Existing Git/worktree/receipts intact; GitHub independently confirms completed CI. AWS identity was separately verified as alex-admin without another reconnection request.,CWTV-EVT-000439,CORRECTION_APPLIED,Read environment status and retried harmless pwd successfully. Existing Git/worktree/receipts intact; GitHub independently confirms completed CI. AWS identity was separately verified as alex-admin without another reconnection request.,CORRECTED
CWTV-FC-00054,CWTV.V1.3.3.2.7,CWTV-EVT-000444,CORPUS_INGESTION_FAILED,"Praxis secret-pattern gate stopped the first ingestion before writing any batch. It matched the fixed reserved-domain user/password URL in the manifest rejection test, represented by CWTV-KNOW-0000620 and CWTV-HIST-0000599. No runtime credential was exposed; predecessor corpus and CineWatch source unchanged.",CWTV-EVT-000445,,"Recognized only the complete reserved-domain rejection-test sentinel with token boundaries. Red regression preserved; 68 full tests passed, including rejection of altered credentials/hosts/paths/suffixes and additional credential URLs. Source bytes and eligibility retained; arbitrary credential patterns and Q&A bans remain enforced.",CWTV-EVT-000445,CORRECTION_APPLIED,"Recognized only the complete reserved-domain rejection-test sentinel with token boundaries. Red regression preserved; 68 full tests passed, including rejection of altered credentials/hosts/paths/suffixes and additional credential URLs. Source bytes and eligibility retained; arbitrary credential patterns and Q&A bans remain enforced.",CORRECTED
CWTV-FC-00055,CWTV.V1.3.3.2.7,CWTV-EVT-000450,BROWSER_HARNESS_FAILED,First live animation run passed63 assertions/no application JS errors but exited1 during HTTP-client-before-browser cleanup. Wait-mode route retirement then exposed an already-handled cancellation. Both failed logs/results preserved; not evidence of a production rendering failure.,CWTV-EVT-000451,,"Retired pending routes using Playwright teardown cancellation handling, then closed browser before HTTP client. Same63 functional assertions passed with process exit0. Theme QA then used the real mode switch, keeping original React-owned lockup and CSS state aligned; no production source change.",CWTV-EVT-000451,CORRECTION_APPLIED,"Retired pending routes using Playwright teardown cancellation handling, then closed browser before HTTP client. Same63 functional assertions passed with process exit0. Theme QA then used the real mode switch, keeping original React-owned lockup and CSS state aligned; no production source change.",CORRECTED
CWTV-FC-00056,CWTV.V1.3.3.2.7,CWTV-EVT-000452,BROWSER_JOURNEY_FAILED,First combined live functional run timed out on People after12 passed checks. Original run did not record handler readiness. Real API pages supplied20 disjoint identities each; isolated real browser expanded20 to40 via page2 HTTP200. Failure preserved rather than attributed to production without evidence.,CWTV-EVT-000453,,"Combined browser harness waited for complete page/client interaction readiness, then retained the real click and strict pagination assertions. Full29-check journey passed with zero application JS errors. Harness only; People production code and data unchanged.",CWTV-EVT-000453,CORRECTION_APPLIED,"Combined browser harness waited for complete page/client interaction readiness, then retained the real click and strict pagination assertions. Full29-check journey passed with zero application JS errors. Harness only; People production code and data unchanged.",CORRECTED
CWTV-FC-00057,CWTV.V1.2.8,,,,CWTV-EVT-000120,,Removed the R1/R2 js-yaml override experiments and restored CineWatch package and lockfile authority to the qualified pre-experiment state.,CWTV-EVT-000120,CORRECTION_APPLIED,Removed the R1/R2 js-yaml override experiments and restored CineWatch package and lockfile authority to the qualified pre-experiment state.,CORRECTION_WITHOUT_LEDGER_FAILURE
CWTV-FC-00058,CWTV.V1.2.8,,,,CWTV-EVT-000121,,Locked the final V1.2.8 audit boundary: runtime/production vulnerabilities block; development/tooling advisories remain visible and are handled by dependency maintenance.,CWTV-EVT-000121,CORRECTION_APPLIED,Locked the final V1.2.8 audit boundary: runtime/production vulnerabilities block; development/tooling advisories remain visible and are handled by dependency maintenance.,CORRECTION_WITHOUT_LEDGER_FAILURE
CWTV-FC-00059,CWTV.V1.3.1,,,,CWTV-EVT-000128,CWTV.V1.3.1-R1-WHITESPACE,Normalized trailing whitespace in the competitive design intelligence candidate after the staged diff whitespace gate identified Markdown hard-break spacing.,CWTV-EVT-000128,CORRECTION_APPLIED,Normalized trailing whitespace in the competitive design intelligence candidate after the staged diff whitespace gate identified Markdown hard-break spacing.,CORRECTION_WITHOUT_LEDGER_FAILURE
CWTV-FC-00060,CWTV.V1.3.1,,,,CWTV-EVT-000129,CWTV.V1.3.1-R1-WHITESPACE,Normalized trailing whitespace in the design system and asset foundation candidate after the staged diff whitespace gate identified Markdown hard-break spacing.,CWTV-EVT-000129,CORRECTION_APPLIED,Normalized trailing whitespace in the design system and asset foundation candidate after the staged diff whitespace gate identified Markdown hard-break spacing.,CORRECTION_WITHOUT_LEDGER_FAILURE
CWTV-FC-00061,CWTV.V1.3.1,,,,CWTV-EVT-000131,CWTV-NEXVOX-FOUNDATION-001-R1-DOC-CONSISTENCY,Corrected scripts/README.md so the local-only NexVox PDF lifecycle matches the approved mandatory regeneration rule for every ordinary non-projection source commit.,CWTV-EVT-000131,CORRECTION_APPLIED,Corrected scripts/README.md so the local-only NexVox PDF lifecycle matches the approved mandatory regeneration rule for every ordinary non-projection source commit.,CORRECTION_WITHOUT_LEDGER_FAILURE
CWTV-FC-00062,CWTV.V1.3.1,,,,CWTV-EVT-000138,CWTV-NEXVOX-PROJECTION-BOUNDARY-GUARD-R2,"Added regression protection for the source/projection boundary defect exposed by malformed commit 3f9f175. Future commits marked NexVox-Projection true must fail validation if they contain ordinary source, architecture, workflow, or Chronicle paths.",CWTV-EVT-000138,CORRECTION_APPLIED,"Added regression protection for the source/projection boundary defect exposed by malformed commit 3f9f175. Future commits marked NexVox-Projection true must fail validation if they contain ordinary source, architecture, workflow, or Chronicle paths.",CORRECTION_WITHOUT_LEDGER_FAILURE
CWTV-FC-00063,CWTV.V1.3.3.2.1,,,,CWTV-EVT-000155,CWTV.V1.3.3.2.1-R1,Neutralized stale skeleton-only OpenAPI test after governed /api/v1/home contract expansion,CWTV-EVT-000155,CORRECTION_APPLIED,Neutralized stale skeleton-only OpenAPI test after governed /api/v1/home contract expansion,CORRECTION_WITHOUT_LEDGER_FAILURE
CWTV-FC-00064,CWTV.V1.3.3.2,,,,CWTV-EVT-000168,CWTV.V1.3.3.2-R1,Corrected the stale offline database migration qualification after reconciliation advanced the governed Alembic head from 0001_postgresql_foundation to 0002_missing_media_authority.,CWTV-EVT-000168,CORRECTION_APPLIED,Corrected the stale offline database migration qualification after reconciliation advanced the governed Alembic head from 0001_postgresql_foundation to 0002_missing_media_authority.,CORRECTION_WITHOUT_LEDGER_FAILURE
CWTV-FC-00065,CWTV.V1.3.3.2.5,,,,CWTV-EVT-000251,CWTV-PRIVACY-NEW-PRODUCTION-ADVISORIES,"With explicit owner scope approval, exact-pin Next16.3.8, retain eslint-config-next16.3.4/React/TypeScript/Node/npm, patch sharp0.35.5 with required platform/libvips packages and source-map-js1.2.2; all39 lock entries individually scoped, fresh production audit zero vulnerabilities.",CWTV-EVT-000251,CORRECTION_APPLIED,"With explicit owner scope approval, exact-pin Next16.3.8, retain eslint-config-next16.3.4/React/TypeScript/Node/npm, patch sharp0.35.5 with required platform/libvips packages and source-map-js1.2.2; all39 lock entries individually scoped, fresh production audit zero vulnerabilities.",CORRECTION_WITHOUT_LEDGER_FAILURE
CWTV-FC-00066,CWTV.V1.3.3.2.6,,,,CWTV-EVT-000325,CWTV-UI-LOCAL-RUNTIME,Node native fetch through NODE_USE_ENV_PROXY=1 succeeds with configured CA; Next rewrite agent still attempts unavailable direct TCP. Local UI harness now transports unmodified real canonical API responses through TLS-verified httpx; Linux source/runtime tests independently cover actual Next rewrites. Production runtime/configuration unchanged.,CWTV-EVT-000325,CORRECTION_APPLIED,Node native fetch through NODE_USE_ENV_PROXY=1 succeeds with configured CA; Next rewrite agent still attempts unavailable direct TCP. Local UI harness now transports unmodified real canonical API responses through TLS-verified httpx; Linux source/runtime tests independently cover actual Next rewrites. Production runtime/configuration unchanged.,CORRECTION_WITHOUT_LEDGER_FAILURE
CWTV-FC-00067,CWTV.V1.3.3.2.6,,,,CWTV-EVT-000380,CWTV-EVT-000364,"Dashboard taxonomy reconciliation: the already-recorded exact-SHA publication correction in event 365 is classified with the established CORRECTION family, preserving the prior event and counting its real correction in generated history.",CWTV-EVT-000380,CORRECTION_APPLIED,"Dashboard taxonomy reconciliation: the already-recorded exact-SHA publication correction in event 365 is classified with the established CORRECTION family, preserving the prior event and counting its real correction in generated history.",CORRECTION_WITHOUT_LEDGER_FAILURE
CWTV-FC-00068,CWTV.V1.3.3.2.6,,,,CWTV-EVT-000381,CWTV-EVT-000366,"Dashboard taxonomy reconciliation: owner public-visibility correction and unchanged-candidate green reruns in events 367-368 use the established CORRECTION family. No checker was weakened, no source changed and no historical event was rewritten.",CWTV-EVT-000381,CORRECTION_APPLIED,"Dashboard taxonomy reconciliation: owner public-visibility correction and unchanged-candidate green reruns in events 367-368 use the established CORRECTION family. No checker was weakened, no source changed and no historical event was rewritten.",CORRECTION_WITHOUT_LEDGER_FAILURE
CWTV-FC-00069,CWTV.V1.3.3.2.7,,,,CWTV-EVT-000442,,"Drive local-file bridge recovered after the preserved execution-transport failure. Governance PDF and companion freshly downloaded byte-identical, SHA5761aff87b0d550047d6c7564f97c4e7f3fb2c2427d515ae37bd717ed9fa12a8; ordinary-source PDF remains SHA7303adf3b1ee18af6a7c8dcf0a64dcf801ce31778419f7cf73d7d0d64cf44c95.",CWTV-EVT-000442,CORRECTION_APPLIED,"Drive local-file bridge recovered after the preserved execution-transport failure. Governance PDF and companion freshly downloaded byte-identical, SHA5761aff87b0d550047d6c7564f97c4e7f3fb2c2427d515ae37bd717ed9fa12a8; ordinary-source PDF remains SHA7303adf3b1ee18af6a7c8dcf0a64dcf801ce31778419f7cf73d7d0d64cf44c95.",CORRECTION_WITHOUT_LEDGER_FAILURE
