event_id,sequence,milestone,event_type,result,occurred_at,commit,summary
CWTV-EVT-000004,4,CWTV.V1.1,MILESTONE_QUALIFIED,QUALIFIED,2026-09-07T11:19:16+02:00,56c4ffd711615d94a50d213387a74ce5acd36d09,CWTV.V1.1 closed and qualified at repository commit 56c4ffd.
CWTV-EVT-000008,8,CWTV.V1.2.1,MILESTONE_QUALIFIED,QUALIFIED,2026-09-07T20:16:36+02:00,fd6e8855b4ddd80feba561bfb22c47380a618f85,CWTV.V1.2.1 closed and qualified at repository commit fd6e885.
CWTV-EVT-000010,10,CWTV.V1.2.2,RUNTIME_QUALIFICATION_PASSED,PASS,,,Repository/runtime qualification passed on the Android Termux development environment.
CWTV-EVT-000012,12,CWTV.V1.2.2,MILESTONE_QUALIFIED,QUALIFIED,2026-09-07T20:45:00+02:00,d050344387a963e0c3336a010fcef1ab7644eadd,CWTV.V1.2.2 closed and qualified at repository commit d050344.
CWTV-EVT-000017,17,CWTV.V1.2.3,RUNTIME_QUALIFICATION_PASSED,PASS,,,Backend tests and live Uvicorn smoke passed in Ubuntu PRoot.
CWTV-EVT-000019,19,CWTV.V1.2.3,MILESTONE_QUALIFIED,QUALIFIED,2026-09-07T23:06:29+02:00,c0324fc80fedca08a7a0fa41cb9adef7e7575869,CWTV.V1.2.3 closed and qualified at repository commit c0324fc.
CWTV-EVT-000026,26,CWTV.V1.2.4,RUNTIME_QUALIFICATION_PASSED,PASS,,,"Frontend lint, typecheck, production build and live static-route smoke all passed."
CWTV-EVT-000028,28,CWTV.V1.2.4,MILESTONE_QUALIFIED,QUALIFIED,2026-09-08T03:25:33+02:00,7b6a8392d90fb08be9f522e9a182c723f2719cdd,CWTV.V1.2.4 closed and qualified at repository commit 7b6a839.
CWTV-EVT-000032,32,CWTV.V1.2.5,MIGRATION_QUALIFICATION_FAILED,FAILED,,,Offline migration qualification exported DATABASE_URL into the later settings test and violated the optional-database configuration contract.
CWTV-EVT-000035,35,CWTV.V1.2.5,RUNTIME_QUALIFICATION_PASSED,PASS,,,Database migration qualification and backend runtime regression passed after R1.
CWTV-EVT-000037,37,CWTV.V1.2.5,MILESTONE_QUALIFIED,QUALIFIED,2026-09-08T03:55:07+02:00,678500c0160ac002f8e8585ab4f7560ea22e4d6e,CWTV.V1.2.5 closed and qualified at repository commit 678500c.
CWTV-EVT-000043,43,CWTV.V1.2.5.1,STATIC_QUALIFICATION_STARTED,INFO,2026-09-08T02:31:12Z,,Chronicle static qualification started.
CWTV-EVT-000044,44,CWTV.V1.2.5.1,STATIC_QUALIFICATION_FAILED,FAILED,2026-09-08T02:31:12Z,,Chronicle static qualification failed.
CWTV-EVT-000051,51,CWTV.V1.2.5.1,STATIC_QUALIFICATION_STARTED,INFO,2026-09-08T02:38:18Z,,Chronicle static qualification after R1 started.
CWTV-EVT-000052,52,CWTV.V1.2.5.1,STATIC_QUALIFICATION_PASSED,PASS,2026-09-08T02:38:21Z,,Chronicle static qualification after R1 passed.
CWTV-EVT-000057,57,CWTV.V1.2.5.1,VISUAL_QUALIFICATION_FAILED,FAILED,,,Rendered dashboard was structurally accurate but failed responsive visual qualification.
CWTV-EVT-000064,64,CWTV.V1.2.5.1,VISUAL_QUALIFICATION_PASSED,PASS,2026-09-08T03:23:15Z,,"R2 responsive dashboard visually qualified on mobile and desktop-sized rendering with no destructive horizontal overflow, responsive semantic cards, adaptive difficulty graph, wrapped evidence content, readable failure history and usable timeline presentation"
CWTV-EVT-000065,65,CWTV.V1.2.5.1,MILESTONE_QUALIFIED,QUALIFIED,2026-09-08T03:23:22Z,,"CWTV.V1.2.5.1 Engineering Chronicle and Progress Dashboard Foundation qualified after static, repository, runtime and visual verification"
CWTV-EVT-000075,75,CWTV.V1.2.6,CONTRACT_RUNTIME_QUALIFICATION_FAILED,FAILED,2026-09-09T04:52:08Z,,Contract runtime qualification failed because the checker assumed openapi-typescript was hoisted into repository-root node_modules.
CWTV-EVT-000081,81,CWTV.V1.2.6,CONTRACT_RUNTIME_QUALIFICATION_PASSED,PASS,2026-09-09T04:55:11Z,,R1 workspace-resolved OpenAPI TypeScript runtime qualification passed after removing the invalid root-hoisting assumption
CWTV-EVT-000082,82,CWTV.V1.2.6,MILESTONE_QUALIFIED,QUALIFIED,2026-09-09T04:58:04Z,,"CWTV.V1.2.6 OpenAPI and Typed Contract Foundation qualified after deterministic schema generation, typed contract generation, repository regression and runtime qualification"
CWTV-EVT-000093,93,CWTV.V1.2.7,RUNTIME_QUALIFICATION_FAILED,FAILED,,,CWTV.V1.2.7 native runtime qualification initially failed because the Termux zip packaging utility was unavailable
CWTV-EVT-000094,94,CWTV.V1.2.7,RUNTIME_QUALIFICATION_FAILED,FAILED,,,CWTV.V1.2.7 native runtime qualification initially failed because the Termux zip packaging utility was unavailable
CWTV-EVT-000096,96,CWTV.V1.2.7,RUNTIME_QUALIFICATION_PASSED,PASS,2026-09-09T19:26:37Z,,CWTV.V1.2.7 Termux/Linux engineering workflow runtime qualification passed
CWTV-EVT-000099,99,CWTV.V1.2.7,MILESTONE_QUALIFIED,QUALIFIED,2026-09-09T19:34:03Z,,"CWTV.V1.2.7 Termux / Linux Engineering Workflow Foundation qualified after static policy, repository regression, governed session recreation, actual Termux restart recovery and native runtime qualification"
CWTV-EVT-000108,108,CWTV.V1.2.8,SECURITY_RUNTIME_QUALIFICATION_FAILED,FAILED,2026-09-10T01:34:00+02:00,,V1.2.8 security runtime qualification detected a high-severity js-yaml advisory in the OpenAPI contract-generation dependency path.
CWTV-EVT-000114,114,CWTV.V1.2.8,SECURITY_RUNTIME_QUALIFICATION_FAILED,FAILED,2026-09-10T02:08:00+02:00,,R1 dependency-resolution qualification failed because npm 12.0.2 recognized the Redocly-scoped js-yaml override but retained js-yaml 4.3.1 in the installed Redocly subtree.
CWTV-EVT-000123,123,CWTV.V1.2.8,LOCAL_QUALIFICATION_PASSED,PASS,2026-09-10T00:46:35Z,,"CWTV.V1.2.8 local Linux CI security and quality qualification passed across repository, contracts, backend, frontend, offline database migrations and dependency security gates"
CWTV-EVT-000124,124,CWTV.V1.2.8,MILESTONE_QUALIFIED,PASS,2026-09-10T02:31:22Z,,CWTV.V1.2.8 CI / Security / Quality Foundation remotely qualified on main at cf47aa4; GitHub Actions run 34429017377 concluded SUCCESS with Linux quality gate and Dependency and secret gate passing
CWTV-EVT-000140,140,CWTV.V1.3.1,DESIGN_DIRECTION_SELECTED,QUALIFIED,2026-09-10T19:19:21Z,,Human approval selected A3 — Signature Cinematic as the CineWatch TV Aperture C descendant for production-geometry engineering; concept-board pixels remain non-production evidence.
CWTV-EVT-000142,142,CWTV.V1.3.2.1,GEOMETRY_PARAMETERIZATION_ESTABLISHED,QUALIFIED,2026-09-10T20:01:16Z,,"Established the deterministic A3 Signature Cinematic geometry parameter model: 1024-unit coordinate authority, six-segment Aperture C construction, asymmetric forward opening, optical centering, monochrome-first structure, and explicit no-raster-tracing boundary."
CWTV-EVT-000144,144,CWTV.V1.3.2.3,BROWSER_QUALIFICATION_STAGED,PASS,2026-09-10T22:15:55Z,,Staged real production-candidate brand files for final human approval in the running CineWatch TV Next.js application. Production authorization remains pending.
CWTV-EVT-000150,150,CWTV.V1.3.2.3,MILESTONE_QUALIFIED,QUALIFIED,2026-09-11T00:14:53Z,,CWTV.V1.3.2.3 closed and qualified after production brand assets passed repository qualification and human browser approval.
CWTV-EVT-000153,153,CWTV.V1.3.3.1,MILESTONE_QUALIFIED,QUALIFIED,2026-09-11T15:05:48Z,,"Qualified the CineWatch TV local provider runtime, secret boundary, media fallback authority, and remote CI acceptance."
CWTV-EVT-000156,156,CWTV.V1.3.3.2.1,MILESTONE_QUALIFIED,QUALIFIED,2026-09-11T19:31:53Z,,"Qualified Homepage Data Contract and TMDb Aggregation Authority after live provider proof, contract propagation, R1 OpenAPI test neutralization, API regression, repository regression, and governance checks"
CWTV-EVT-000159,159,CWTV.V1.3.3.2,STATIC_QUALIFICATION_PASSED,PASS,2026-09-14T06:35:56Z,,"Qualified the faithfully adopted Test-02 reconciliation baseline against its refinement, catalog, homepage, provider-runtime and whitespace static gates."
CWTV-EVT-000166,166,CWTV.V1.3.3.2,RUNTIME_QUALIFICATION_PASSED,PASS,2026-09-14T15:09:19Z,,Passed consolidated Test-02 browser runtime qualification against the reconciled CineWatch application.
CWTV-EVT-000169,169,CWTV.V1.3.3.2,CI_QUALIFICATION_FAILED,FAILED,2026-09-14T16:24:48Z,,Remote Linux CI passed all runtime and migration gates but detected generated Next.js next-env.d.ts drift after the production build.
CWTV-EVT-000171,171,CWTV.V1.3.3.2,CI_QUALIFICATION_PASSED,PASS,2026-09-14T17:41:06Z,3511c1080fe59925846c70ae54a3c2a3100472a7,Remote CineWatch CI qualified the exact reconciled Test-02 branch authority.
CWTV-EVT-000172,172,CWTV.V1.3.3.2,MILESTONE_QUALIFIED,QUALIFIED,2026-09-14T17:41:17Z,3511c1080fe59925846c70ae54a3c2a3100472a7,"Qualified the canonical Test-02 product evolution into CineWatch after source reconciliation, security and rights-boundary preservation, provider qualification, browser approval, migration corrections, deterministic Next.js authority correction, NexVox governance, and exact remote CI acceptance."
CWTV-EVT-000173,173,CWTV.V1.3.3.2.3,QUALIFICATION_BLOCKED,BLOCKED,2026-10-05T10:49:51Z,,Codex SSM probe blocked before AWS API execution by connector authentication retry loop; owner-console proof remains separately attributed and 002 deployment is not authorized
CWTV-EVT-000183,183,CWTV.V1.3.3.2.4,MILESTONE_QUALIFIED,QUALIFIED,2026-10-05T15:04:48Z,31e2b4da9e8d8a40cf50f52d5347b30d723ea35e,"Main CI37329625428 passed Linux quality and dependency/secret gates; production npm audit has zero vulnerabilities. Scope is dependency correction only, with no002application or deployment."
CWTV-EVT-000203,203,CWTV.V1.3.3.2.3,MILESTONE_QUALIFIED,QUALIFIED,2026-10-05T18:17:37Z,22c19675d32e93f1d1d37b161a044e88f8310a2c,The preserved D003/source-projection chain is on Main and ordinary Main CI37354636612 passed both required jobs. D004 repository-source promotion is qualified; governance closure projection and Praxis successor follow. Production deployment has not occurred.
CWTV-EVT-000210,210,CWTV.V1.3.3.2.3,QUALIFICATION_HARNESS_FAILED,FAILED,2026-10-05T19:30:28.077120+00:00,f8e9c935602a62e6215baaf568ba4e08834168c9,Native Chromium proxy trust failed; persistent multi-CA write was rejected by automatic review. Browser harness strict-selector/quoting/navigation/render timing failures were preserved; no production defect demonstrated.
CWTV-EVT-000213,213,CWTV.V1.3.3.2.3,MILESTONE_CLOSED,QUALIFIED,2026-10-05T19:30:28.094448+00:00,f8e9c935602a62e6215baaf568ba4e08834168c9,"CWTV.V1.3.3.2.3 — DEPLOYED AND CLOSED. Exact qualified source is live, 78 real HTTP/API and29 browser checks passed, owner Android acceptance confirmed; no rollback or D005. Chronicle/NexVox/Praxis now record post-release history only."
CWTV-EVT-000217,217,CWTV.V1.3.3.2.5,QUALIFICATION_STARTED,INFO,2026-10-08T10:26:03Z,,foundation qualification started.
CWTV-EVT-000218,218,CWTV.V1.3.3.2.5,QUALIFICATION_PASSED,PASS,2026-10-08T10:26:04Z,,foundation qualification passed.
CWTV-EVT-000219,219,CWTV.V1.3.3.2.5,QUALIFICATION_STARTED,INFO,2026-10-08T10:26:04Z,,repository qualification started.
CWTV-EVT-000220,220,CWTV.V1.3.3.2.5,QUALIFICATION_PASSED,PASS,2026-10-08T10:26:22Z,,repository qualification passed.
CWTV-EVT-000221,221,CWTV.V1.3.3.2.5,QUALIFICATION_STARTED,INFO,2026-10-08T10:26:22Z,,backend qualification started.
CWTV-EVT-000222,222,CWTV.V1.3.3.2.5,QUALIFICATION_PASSED,PASS,2026-10-08T10:26:27Z,,backend qualification passed.
CWTV-EVT-000223,223,CWTV.V1.3.3.2.5,QUALIFICATION_STARTED,INFO,2026-10-08T10:26:27Z,,contract qualification started.
CWTV-EVT-000224,224,CWTV.V1.3.3.2.5,QUALIFICATION_PASSED,PASS,2026-10-08T10:26:35Z,,contract qualification passed.
CWTV-EVT-000225,225,CWTV.V1.3.3.2.5,QUALIFICATION_STARTED,INFO,2026-10-08T10:26:35Z,,frontend qualification started.
CWTV-EVT-000226,226,CWTV.V1.3.3.2.5,QUALIFICATION_FAILED,FAILED,2026-10-08T10:27:07Z,,frontend qualification failed.
CWTV-EVT-000229,229,CWTV.V1.3.3.2.5,QUALIFICATION_STARTED,INFO,2026-10-08T10:29:02Z,,frontend qualification started.
CWTV-EVT-000230,230,CWTV.V1.3.3.2.5,QUALIFICATION_PASSED,PASS,2026-10-08T10:29:28Z,,frontend qualification passed.
CWTV-EVT-000231,231,CWTV.V1.3.3.2.5,QUALIFICATION_STARTED,INFO,2026-10-08T10:29:28Z,,database qualification started.
CWTV-EVT-000232,232,CWTV.V1.3.3.2.5,QUALIFICATION_PASSED,PASS,2026-10-08T10:29:31Z,,database qualification passed.
CWTV-EVT-000233,233,CWTV.V1.3.3.2.5,QUALIFICATION_STARTED,INFO,2026-10-08T10:29:31Z,,discovery qualification started.
CWTV-EVT-000234,234,CWTV.V1.3.3.2.5,QUALIFICATION_PASSED,PASS,2026-10-08T10:29:31Z,,discovery qualification passed.
CWTV-EVT-000235,235,CWTV.V1.3.3.2.5,QUALIFICATION_STARTED,INFO,2026-10-08T10:29:31Z,,trailer-runtime qualification started.
CWTV-EVT-000236,236,CWTV.V1.3.3.2.5,QUALIFICATION_PASSED,PASS,2026-10-08T10:29:33Z,,trailer-runtime qualification passed.
CWTV-EVT-000237,237,CWTV.V1.3.3.2.5,QUALIFICATION_STARTED,INFO,2026-10-08T10:29:33Z,,chronicle qualification started.
CWTV-EVT-000238,238,CWTV.V1.3.3.2.5,QUALIFICATION_PASSED,PASS,2026-10-08T10:29:34Z,,chronicle qualification passed.
CWTV-EVT-000239,239,CWTV.V1.3.3.2.5,QUALIFICATION_STARTED,INFO,2026-10-08T10:29:34Z,,security qualification started.
CWTV-EVT-000240,240,CWTV.V1.3.3.2.5,QUALIFICATION_FAILED,FAILED,2026-10-08T10:29:36Z,,security qualification failed.
CWTV-EVT-000243,243,CWTV.V1.3.3.2.5,QUALIFICATION_STARTED,INFO,2026-10-08T10:30:46Z,,security qualification started.
CWTV-EVT-000244,244,CWTV.V1.3.3.2.5,QUALIFICATION_PASSED,PASS,2026-10-08T10:31:07Z,,security qualification passed.
CWTV-EVT-000245,245,CWTV.V1.3.3.2.5,QUALIFICATION_STARTED,INFO,2026-10-08T10:31:07Z,,npm-production qualification started.
CWTV-EVT-000246,246,CWTV.V1.3.3.2.5,QUALIFICATION_FAILED,FAILED,2026-10-08T10:31:09Z,,npm-production qualification failed.
CWTV-EVT-000252,252,CWTV.V1.3.3.2.5,QUALIFICATION_STARTED,INFO,2026-10-08T10:36:18Z,,foundation qualification started.
CWTV-EVT-000253,253,CWTV.V1.3.3.2.5,QUALIFICATION_PASSED,PASS,2026-10-08T10:36:20Z,,foundation qualification passed.
CWTV-EVT-000254,254,CWTV.V1.3.3.2.5,QUALIFICATION_STARTED,INFO,2026-10-08T10:36:20Z,,repository qualification started.
CWTV-EVT-000255,255,CWTV.V1.3.3.2.5,QUALIFICATION_PASSED,PASS,2026-10-08T10:36:35Z,,repository qualification passed.
CWTV-EVT-000256,256,CWTV.V1.3.3.2.5,QUALIFICATION_STARTED,INFO,2026-10-08T10:36:35Z,,backend qualification started.
CWTV-EVT-000257,257,CWTV.V1.3.3.2.5,QUALIFICATION_PASSED,PASS,2026-10-08T10:36:39Z,,backend qualification passed.
CWTV-EVT-000258,258,CWTV.V1.3.3.2.5,QUALIFICATION_STARTED,INFO,2026-10-08T10:36:40Z,,contract qualification started.
CWTV-EVT-000259,259,CWTV.V1.3.3.2.5,QUALIFICATION_PASSED,PASS,2026-10-08T10:36:49Z,,contract qualification passed.
CWTV-EVT-000260,260,CWTV.V1.3.3.2.5,QUALIFICATION_STARTED,INFO,2026-10-08T10:36:49Z,,frontend qualification started.
CWTV-EVT-000261,261,CWTV.V1.3.3.2.5,QUALIFICATION_PASSED,PASS,2026-10-08T10:37:28Z,,frontend qualification passed.
CWTV-EVT-000262,262,CWTV.V1.3.3.2.5,QUALIFICATION_STARTED,INFO,2026-10-08T10:37:28Z,,database qualification started.
CWTV-EVT-000263,263,CWTV.V1.3.3.2.5,QUALIFICATION_PASSED,PASS,2026-10-08T10:37:31Z,,database qualification passed.
CWTV-EVT-000264,264,CWTV.V1.3.3.2.5,QUALIFICATION_STARTED,INFO,2026-10-08T10:37:31Z,,discovery qualification started.
CWTV-EVT-000265,265,CWTV.V1.3.3.2.5,QUALIFICATION_PASSED,PASS,2026-10-08T10:37:31Z,,discovery qualification passed.
CWTV-EVT-000266,266,CWTV.V1.3.3.2.5,QUALIFICATION_STARTED,INFO,2026-10-08T10:37:31Z,,trailer-runtime qualification started.
CWTV-EVT-000267,267,CWTV.V1.3.3.2.5,QUALIFICATION_PASSED,PASS,2026-10-08T10:37:34Z,,trailer-runtime qualification passed.
CWTV-EVT-000268,268,CWTV.V1.3.3.2.5,QUALIFICATION_STARTED,INFO,2026-10-08T10:37:34Z,,chronicle qualification started.
CWTV-EVT-000269,269,CWTV.V1.3.3.2.5,QUALIFICATION_PASSED,PASS,2026-10-08T10:37:35Z,,chronicle qualification passed.
CWTV-EVT-000270,270,CWTV.V1.3.3.2.5,QUALIFICATION_STARTED,INFO,2026-10-08T10:37:35Z,,security qualification started.
CWTV-EVT-000271,271,CWTV.V1.3.3.2.5,QUALIFICATION_PASSED,PASS,2026-10-08T10:37:41Z,,security qualification passed.
CWTV-EVT-000272,272,CWTV.V1.3.3.2.5,QUALIFICATION_STARTED,INFO,2026-10-08T10:37:42Z,,npm-production qualification started.
CWTV-EVT-000273,273,CWTV.V1.3.3.2.5,QUALIFICATION_PASSED,PASS,2026-10-08T10:37:42Z,,npm-production qualification passed.
CWTV-EVT-000274,274,CWTV.V1.3.3.2.5,QUALIFICATION_STARTED,INFO,2026-10-08T10:37:43Z,,diff qualification started.
CWTV-EVT-000275,275,CWTV.V1.3.3.2.5,QUALIFICATION_PASSED,PASS,2026-10-08T10:37:43Z,,diff qualification passed.
CWTV-EVT-000276,276,CWTV.V1.3.3.2.5,SOURCE_QUALIFICATION_PASSED,PASS,2026-10-08T10:38:41Z,,"Fresh corrected-tree qualification passed99 API tests,22 repository tests,3 contract tests, lint/typecheck/Next16.3.8 build, real local web/API smokes, migrations, discovery/trailer identity bounds, Chronicle/dashboard, secret/policy scan, strict Python audit and zero-vulnerability production npm audit; eight existing development advisories remain informational."
