symbol_id,path,symbol,kind,line,training_eligibility
CWTV-SYM-000001,apps/web/src/app/brand-qualification/page.tsx,BrandQualificationPage,function,13,TRAINING_ELIGIBLE
CWTV-SYM-000002,apps/web/src/app/cinema-guide/page.tsx,CinemaGuidePage,function,2,TRAINING_ELIGIBLE
CWTV-SYM-000003,apps/web/src/app/contact/page.tsx,ContactPage,function,2,TRAINING_ELIGIBLE
CWTV-SYM-000004,apps/web/src/app/error.tsx,ErrorBoundary,function,2,TRAINING_ELIGIBLE
CWTV-SYM-000005,apps/web/src/app/genres/page.tsx,loadGenres,function,6,TRAINING_ELIGIBLE
CWTV-SYM-000006,apps/web/src/app/global-error.tsx,GlobalError,function,2,TRAINING_ELIGIBLE
CWTV-SYM-000007,apps/web/src/app/layout.tsx,RootLayout,function,45,TRAINING_ELIGIBLE
CWTV-SYM-000008,apps/web/src/app/loading.tsx,Loading,function,2,TRAINING_ELIGIBLE
CWTV-SYM-000009,apps/web/src/app/lyrics/page.tsx,load,function,6,TRAINING_ELIGIBLE
CWTV-SYM-000010,apps/web/src/app/lyrics/page.tsx,Match,type,3,TRAINING_ELIGIBLE
CWTV-SYM-000011,apps/web/src/app/lyrics/page.tsx,Payload,type,5,TRAINING_ELIGIBLE
CWTV-SYM-000012,apps/web/src/app/manifest.ts,manifest,function,2,TRAINING_ELIGIBLE
CWTV-SYM-000013,apps/web/src/app/news/page.tsx,loadNews,function,8,TRAINING_ELIGIBLE
CWTV-SYM-000014,apps/web/src/app/news/page.tsx,Article,type,5,TRAINING_ELIGIBLE
CWTV-SYM-000015,apps/web/src/app/news/page.tsx,NewsResponse,type,7,TRAINING_ELIGIBLE
CWTV-SYM-000016,apps/web/src/app/not-found.tsx,NotFound,function,1,TRAINING_ELIGIBLE
CWTV-SYM-000017,apps/web/src/app/page.tsx,loadHome,function,5,TRAINING_ELIGIBLE
CWTV-SYM-000018,apps/web/src/app/provider/[providerId]/page.tsx,loadProvider,function,12,TRAINING_ELIGIBLE
CWTV-SYM-000019,apps/web/src/app/provider/[providerId]/page.tsx,Summary,type,9,TRAINING_ELIGIBLE
CWTV-SYM-000020,apps/web/src/app/provider/[providerId]/page.tsx,ProviderResponse,type,11,TRAINING_ELIGIBLE
CWTV-SYM-000021,apps/web/src/app/robots.ts,robots,function,2,TRAINING_ELIGIBLE
CWTV-SYM-000022,apps/web/src/app/scripts/page.tsx,load,function,6,TRAINING_ELIGIBLE
CWTV-SYM-000023,apps/web/src/app/scripts/page.tsx,Match,type,3,TRAINING_ELIGIBLE
CWTV-SYM-000024,apps/web/src/app/scripts/page.tsx,Payload,type,5,TRAINING_ELIGIBLE
CWTV-SYM-000025,apps/web/src/app/trailers/page.tsx,load,function,21,TRAINING_ELIGIBLE
CWTV-SYM-000026,apps/web/src/app/trailers/page.tsx,Trailer,type,7,TRAINING_ELIGIBLE
CWTV-SYM-000027,apps/web/src/app/trailers/page.tsx,Payload,type,20,TRAINING_ELIGIBLE
CWTV-SYM-000028,apps/web/src/app/voice-lab/page.tsx,VoiceLabPage,function,2,TRAINING_ELIGIBLE
CWTV-SYM-000029,apps/web/src/app/where-to-watch/page.tsx,load,function,9,TRAINING_ELIGIBLE
CWTV-SYM-000030,apps/web/src/app/where-to-watch/page.tsx,Source,type,6,TRAINING_ELIGIBLE
CWTV-SYM-000031,apps/web/src/app/where-to-watch/page.tsx,Payload,type,8,TRAINING_ELIGIBLE
CWTV-SYM-000032,apps/web/src/components/catalog/CatalogBrowse.tsx,CatalogBrowse,function,22,TRAINING_ELIGIBLE
CWTV-SYM-000033,apps/web/src/components/catalog/CatalogBrowse.tsx,pageHref,function,12,TRAINING_ELIGIBLE
CWTV-SYM-000034,apps/web/src/components/catalog/CatalogBrowse.tsx,Props,type,7,TRAINING_ELIGIBLE
CWTV-SYM-000035,apps/web/src/components/catalog/CatalogCard.tsx,CatalogCard,function,8,TRAINING_ELIGIBLE
CWTV-SYM-000036,apps/web/src/components/catalog/MediaIdentity.tsx,RatingSourceLogo,function,13,TRAINING_ELIGIBLE
CWTV-SYM-000037,apps/web/src/components/catalog/MediaIdentity.tsx,MediaTypeIcon,function,19,TRAINING_ELIGIBLE
CWTV-SYM-000038,apps/web/src/components/catalog/MediaIdentity.tsx,RatingSource,type,4,TRAINING_ELIGIBLE
CWTV-SYM-000039,apps/web/src/components/catalog/PersonDetails.tsx,PersonDetails,function,16,TRAINING_ELIGIBLE
CWTV-SYM-000040,apps/web/src/components/catalog/PersonDetails.tsx,CreditGrid,function,12,TRAINING_ELIGIBLE
CWTV-SYM-000041,apps/web/src/components/catalog/PersonDetails.tsx,PersonCredit,type,9,TRAINING_ELIGIBLE
CWTV-SYM-000042,apps/web/src/components/catalog/PersonDetails.tsx,ExtendedPerson,type,11,TRAINING_ELIGIBLE
CWTV-SYM-000043,apps/web/src/components/catalog/ReviewsPage.tsx,ReviewsPage,function,6,TRAINING_ELIGIBLE
CWTV-SYM-000044,apps/web/src/components/catalog/TitleDetails.tsx,TitleDetails,function,31,TRAINING_ELIGIBLE
CWTV-SYM-000045,apps/web/src/components/catalog/TitleDetails.tsx,lifecycleLabel,function,16,TRAINING_ELIGIBLE
CWTV-SYM-000046,apps/web/src/components/catalog/TitleDetails.tsx,loadSeason,function,37,TRAINING_ELIGIBLE
CWTV-SYM-000047,apps/web/src/components/catalog/TitleDetails.tsx,toggleSeason,function,53,TRAINING_ELIGIBLE
CWTV-SYM-000048,apps/web/src/components/catalog/TitleDetails.tsx,Props,type,13,TRAINING_ELIGIBLE
CWTV-SYM-000049,apps/web/src/components/catalog/TitleDetails.tsx,SeasonState,type,15,TRAINING_ELIGIBLE
CWTV-SYM-000050,apps/web/src/components/catalog/TitleVideos.tsx,TitleVideos,function,17,TRAINING_ELIGIBLE
CWTV-SYM-000051,apps/web/src/components/catalog/TitleVideos.tsx,Video,type,8,TRAINING_ELIGIBLE
CWTV-SYM-000052,apps/web/src/components/home/HomepageExperience.tsx,HomepageExperience,function,50,TRAINING_ELIGIBLE
CWTV-SYM-000053,apps/web/src/components/home/HomepageExperience.tsx,yearFromDate,function,32,TRAINING_ELIGIBLE
CWTV-SYM-000054,apps/web/src/components/home/HomepageExperience.tsx,entityPath,function,38,TRAINING_ELIGIBLE
CWTV-SYM-000055,apps/web/src/components/home/HomepageExperience.tsx,discoverySlug,function,46,TRAINING_ELIGIBLE
CWTV-SYM-000056,apps/web/src/components/home/HomepageExperience.tsx,Hero,function,127,TRAINING_ELIGIBLE
CWTV-SYM-000057,apps/web/src/components/home/HomepageExperience.tsx,SectionHeading,function,176,TRAINING_ELIGIBLE
CWTV-SYM-000058,apps/web/src/components/home/HomepageExperience.tsx,ContentRail,function,180,TRAINING_ELIGIBLE
CWTV-SYM-000059,apps/web/src/components/home/HomepageExperience.tsx,MediaCard,function,185,TRAINING_ELIGIBLE
CWTV-SYM-000060,apps/web/src/components/home/HomepageExperience.tsx,useIntersectionStart,function,195,TRAINING_ELIGIBLE
CWTV-SYM-000061,apps/web/src/components/home/HomepageExperience.tsx,LazyRail,function,209,TRAINING_ELIGIBLE
CWTV-SYM-000062,apps/web/src/components/home/HomepageExperience.tsx,load,function,214,TRAINING_ELIGIBLE
CWTV-SYM-000063,apps/web/src/components/home/HomepageExperience.tsx,LazyGenres,function,231,TRAINING_ELIGIBLE
CWTV-SYM-000064,apps/web/src/components/home/HomepageExperience.tsx,load,function,236,TRAINING_ELIGIBLE
CWTV-SYM-000065,apps/web/src/components/home/HomepageExperience.tsx,LazyTrailerRail,function,247,TRAINING_ELIGIBLE
CWTV-SYM-000066,apps/web/src/components/home/HomepageExperience.tsx,load,function,252,TRAINING_ELIGIBLE
CWTV-SYM-000067,apps/web/src/components/home/HomepageExperience.tsx,RailFailure,function,269,TRAINING_ELIGIBLE
CWTV-SYM-000068,apps/web/src/components/home/HomepageExperience.tsx,RailSkeleton,function,273,TRAINING_ELIGIBLE
CWTV-SYM-000069,apps/web/src/components/home/HomepageExperience.tsx,Props,type,19,TRAINING_ELIGIBLE
CWTV-SYM-000070,apps/web/src/components/home/HomepageExperience.tsx,RemoteState,type,21,TRAINING_ELIGIBLE
CWTV-SYM-000071,apps/web/src/components/news/RelatedNews.tsx,RelatedNews,function,19,TRAINING_ELIGIBLE
CWTV-SYM-000072,apps/web/src/components/news/RelatedNews.tsx,Article,type,7,TRAINING_ELIGIBLE
CWTV-SYM-000073,apps/web/src/components/news/RelatedNews.tsx,NewsResponse,type,16,TRAINING_ELIGIBLE
CWTV-SYM-000074,apps/web/src/components/news/RelatedNews.tsx,State,type,18,TRAINING_ELIGIBLE
CWTV-SYM-000075,apps/web/src/components/site/LiveDataFailure.tsx,LiveDataFailure,function,4,TRAINING_ELIGIBLE
CWTV-SYM-000076,apps/web/src/components/site/SiteFrame.tsx,SiteFrame,function,119,TRAINING_ELIGIBLE
CWTV-SYM-000077,apps/web/src/components/site/SiteFrame.tsx,Icon,function,91,TRAINING_ELIGIBLE
CWTV-SYM-000078,apps/web/src/components/site/SiteFrame.tsx,entityLabel,function,106,TRAINING_ELIGIBLE
CWTV-SYM-000079,apps/web/src/components/site/SiteFrame.tsx,isRouteActive,function,112,TRAINING_ELIGIBLE
CWTV-SYM-000080,apps/web/src/components/site/SiteFrame.tsx,ProductSiteFrame,function,125,TRAINING_ELIGIBLE
CWTV-SYM-000081,apps/web/src/components/site/SiteFrame.tsx,closeOnOutsidePointer,function,198,TRAINING_ELIGIBLE
CWTV-SYM-000082,apps/web/src/components/site/SiteFrame.tsx,toggleTheme,function,213,TRAINING_ELIGIBLE
CWTV-SYM-000083,apps/web/src/components/site/SiteFrame.tsx,chooseSuggestion,function,220,TRAINING_ELIGIBLE
CWTV-SYM-000084,apps/web/src/components/site/SiteFrame.tsx,FooterGroup,function,324,TRAINING_ELIGIBLE
CWTV-SYM-000085,apps/web/src/components/site/SiteFrame.tsx,SearchEntityType,type,10,TRAINING_ELIGIBLE
CWTV-SYM-000086,apps/web/src/components/site/SiteFrame.tsx,SearchSuggestion,type,12,TRAINING_ELIGIBLE
CWTV-SYM-000087,apps/web/src/components/site/SiteFrame.tsx,SearchResponse,type,23,TRAINING_ELIGIBLE
CWTV-SYM-000088,apps/web/src/components/site/SiteFrame.tsx,IconName,type,28,TRAINING_ELIGIBLE
CWTV-SYM-000089,apps/web/src/components/site/UnderDevelopmentPanel.tsx,UnderDevelopmentPanel,function,19,TRAINING_ELIGIBLE
CWTV-SYM-000090,apps/web/src/components/site/UnderDevelopmentPanel.tsx,humanize,function,15,TRAINING_ELIGIBLE
CWTV-SYM-000091,apps/web/src/components/voice/VoiceLab.tsx,VoiceLab,function,61,TRAINING_ELIGIBLE
CWTV-SYM-000092,apps/web/src/components/voice/VoiceLab.tsx,encodeWav,function,19,TRAINING_ELIGIBLE
CWTV-SYM-000093,apps/web/src/components/voice/VoiceLab.tsx,blobToBase64,function,51,TRAINING_ELIGIBLE
CWTV-SYM-000094,apps/web/src/components/voice/VoiceLab.tsx,revokeSample,function,79,TRAINING_ELIGIBLE
CWTV-SYM-000095,apps/web/src/components/voice/VoiceLab.tsx,startRecording,function,84,TRAINING_ELIGIBLE
CWTV-SYM-000096,apps/web/src/components/voice/VoiceLab.tsx,pauseRecording,function,123,TRAINING_ELIGIBLE
CWTV-SYM-000097,apps/web/src/components/voice/VoiceLab.tsx,resumeRecording,function,131,TRAINING_ELIGIBLE
CWTV-SYM-000098,apps/web/src/components/voice/VoiceLab.tsx,stopRecording,function,138,TRAINING_ELIGIBLE
CWTV-SYM-000099,apps/web/src/components/voice/VoiceLab.tsx,discard,function,172,TRAINING_ELIGIBLE
CWTV-SYM-000100,apps/web/src/components/voice/VoiceLab.tsx,acceptAndStage,function,179,TRAINING_ELIGIBLE
CWTV-SYM-000101,apps/web/src/components/voice/VoiceLab.tsx,CaptureState,type,6,TRAINING_ELIGIBLE
CWTV-SYM-000102,apps/web/src/components/voice/VoiceLab.tsx,RecordedSample,type,8,TRAINING_ELIGIBLE
CWTV-SYM-000103,apps/web/src/lib/api/catalog-client.ts,loadCatalogTitle,function,22,TRAINING_ELIGIBLE
CWTV-SYM-000104,apps/web/src/lib/api/catalog-client.ts,loadCatalogPerson,function,29,TRAINING_ELIGIBLE
CWTV-SYM-000105,apps/web/src/lib/api/catalog-client.ts,loadCatalogReviews,function,34,TRAINING_ELIGIBLE
CWTV-SYM-000106,apps/web/src/lib/api/catalog-client.ts,loadCatalogBrowse,function,41,TRAINING_ELIGIBLE
CWTV-SYM-000107,apps/web/src/lib/api/catalog-client.ts,loadCatalogVideos,function,65,TRAINING_ELIGIBLE
CWTV-SYM-000108,apps/web/src/lib/api/catalog-client.ts,readJson,function,9,TRAINING_ELIGIBLE
CWTV-SYM-000109,apps/web/src/lib/api/catalog-client.ts,CatalogVideo,type,55,TRAINING_ELIGIBLE
CWTV-SYM-000110,apps/web/src/lib/api/catalog-client.ts,CatalogVideosPayload,type,64,TRAINING_ELIGIBLE
CWTV-SYM-000111,apps/web/src/lib/api/system-client.ts,getApiHealth,function,20,TRAINING_ELIGIBLE
CWTV-SYM-000112,apps/web/src/lib/api/system-client.ts,getApiStatus,function,24,TRAINING_ELIGIBLE
CWTV-SYM-000113,apps/web/src/lib/api/system-client.ts,fetchJson,function,4,TRAINING_ELIGIBLE
CWTV-SYM-000114,apps/web/src/lib/config/public-env.ts,getPublicApiBaseUrl,function,14,TRAINING_ELIGIBLE
CWTV-SYM-000115,apps/web/src/lib/config/public-env.ts,getPublicSiteUrl,function,22,TRAINING_ELIGIBLE
CWTV-SYM-000116,apps/web/src/lib/config/public-env.ts,parsePublicHttpUrl,function,3,TRAINING_ELIGIBLE
CWTV-SYM-000117,docs/progress/dashboard/dashboard.js,renderSummary,function,21,TRAINING_ELIGIBLE
CWTV-SYM-000118,docs/progress/dashboard/dashboard.js,renderMilestones,function,47,TRAINING_ELIGIBLE
CWTV-SYM-000119,docs/progress/dashboard/dashboard.js,renderDifficulty,function,79,TRAINING_ELIGIBLE
CWTV-SYM-000120,docs/progress/dashboard/dashboard.js,renderTiming,function,140,TRAINING_ELIGIBLE
CWTV-SYM-000121,docs/progress/dashboard/dashboard.js,renderFailures,function,159,TRAINING_ELIGIBLE
CWTV-SYM-000122,docs/progress/dashboard/dashboard.js,renderArtifacts,function,176,TRAINING_ELIGIBLE
CWTV-SYM-000123,docs/progress/dashboard/dashboard.js,renderCommits,function,193,TRAINING_ELIGIBLE
CWTV-SYM-000124,docs/progress/dashboard/dashboard.js,renderTimeline,function,203,TRAINING_ELIGIBLE
CWTV-SYM-000125,docs/progress/dashboard/dashboard.js,setupRevealAnimations,function,218,TRAINING_ELIGIBLE
CWTV-SYM-000126,docs/progress/dashboard/dashboard.js,renderAll,function,244,TRAINING_ELIGIBLE
CWTV-SYM-000127,packages/contracts/src/generated/openapi.d.ts,paths,interface,5,REFERENCE_ONLY
CWTV-SYM-000128,packages/contracts/src/generated/openapi.d.ts,components,interface,403,REFERENCE_ONLY
CWTV-SYM-000129,packages/contracts/src/generated/openapi.d.ts,operations,interface,1395,REFERENCE_ONLY
CWTV-SYM-000130,packages/contracts/src/generated/openapi.d.ts,webhooks,type,402,REFERENCE_ONLY
CWTV-SYM-000131,packages/contracts/src/generated/openapi.d.ts,$defs,type,1394,REFERENCE_ONLY
CWTV-SYM-000132,packages/contracts/src/index.d.ts,HealthResponse,type,4,TRAINING_ELIGIBLE
CWTV-SYM-000133,packages/contracts/src/index.d.ts,StatusResponse,type,6,TRAINING_ELIGIBLE
CWTV-SYM-000134,packages/contracts/src/index.d.ts,HomeResponse,type,7,TRAINING_ELIGIBLE
CWTV-SYM-000135,packages/contracts/src/index.d.ts,HomeSections,type,9,TRAINING_ELIGIBLE
CWTV-SYM-000136,packages/contracts/src/index.d.ts,HomeItem,type,10,TRAINING_ELIGIBLE
CWTV-SYM-000137,packages/contracts/src/index.d.ts,HomeRating,type,11,TRAINING_ELIGIBLE
CWTV-SYM-000138,packages/contracts/src/index.d.ts,HomeMediaGap,type,12,TRAINING_ELIGIBLE
CWTV-SYM-000139,packages/contracts/src/index.d.ts,HomeExternalRating,type,13,TRAINING_ELIGIBLE
CWTV-SYM-000140,packages/contracts/src/index.d.ts,HomeTrailer,type,15,TRAINING_ELIGIBLE
CWTV-SYM-000141,packages/contracts/src/index.d.ts,HomeHeroExperience,type,16,TRAINING_ELIGIBLE
CWTV-SYM-000142,packages/contracts/src/index.d.ts,HomeRailResponse,type,17,TRAINING_ELIGIBLE
CWTV-SYM-000143,packages/contracts/src/index.d.ts,HomeTrailerCard,type,18,TRAINING_ELIGIBLE
CWTV-SYM-000144,packages/contracts/src/index.d.ts,HomeTrailerRailResponse,type,19,TRAINING_ELIGIBLE
CWTV-SYM-000145,packages/contracts/src/index.d.ts,HomeSearchSuggestion,type,20,TRAINING_ELIGIBLE
CWTV-SYM-000146,packages/contracts/src/index.d.ts,HomeSearchResponse,type,21,TRAINING_ELIGIBLE
CWTV-SYM-000147,packages/contracts/src/index.d.ts,HomeGenreEntry,type,22,TRAINING_ELIGIBLE
CWTV-SYM-000148,packages/contracts/src/index.d.ts,HomeGenresResponse,type,23,TRAINING_ELIGIBLE
CWTV-SYM-000149,packages/contracts/src/index.d.ts,CatalogBrowseResponse,type,24,TRAINING_ELIGIBLE
CWTV-SYM-000150,packages/contracts/src/index.d.ts,CatalogMediaSummary,type,26,TRAINING_ELIGIBLE
CWTV-SYM-000151,packages/contracts/src/index.d.ts,CatalogPersonResponse,type,27,TRAINING_ELIGIBLE
CWTV-SYM-000152,packages/contracts/src/index.d.ts,CatalogReviewsResponse,type,28,TRAINING_ELIGIBLE
CWTV-SYM-000153,packages/contracts/src/index.d.ts,CatalogSeasonResponse,type,29,TRAINING_ELIGIBLE
CWTV-SYM-000154,packages/contracts/src/index.d.ts,CatalogTitleResponse,type,30,TRAINING_ELIGIBLE
CWTV-SYM-000155,scripts/bootstrap_engineering_chronicle.py,git,function,27,TRAINING_ELIGIBLE
CWTV-SYM-000156,scripts/bootstrap_engineering_chronicle.py,commit_info,function,37,TRAINING_ELIGIBLE
CWTV-SYM-000157,scripts/bootstrap_engineering_chronicle.py,add,function,44,TRAINING_ELIGIBLE
CWTV-SYM-000158,scripts/bootstrap_engineering_chronicle.py,unknown,function,48,TRAINING_ELIGIBLE
CWTV-SYM-000159,scripts/bootstrap_engineering_chronicle.py,commit_and_qualify,function,67,TRAINING_ELIGIBLE
CWTV-SYM-000160,scripts/bootstrap_engineering_chronicle.py,main,function,96,TRAINING_ELIGIBLE
CWTV-SYM-000161,scripts/build_nexvox_engineering_corpus.py,FileEntry,class,56,TRAINING_ELIGIBLE
CWTV-SYM-000162,scripts/build_nexvox_engineering_corpus.py,run_git,function,63,TRAINING_ELIGIBLE
CWTV-SYM-000163,scripts/build_nexvox_engineering_corpus.py,sha256_bytes,function,74,TRAINING_ELIGIBLE
CWTV-SYM-000164,scripts/build_nexvox_engineering_corpus.py,sha256_text,function,78,TRAINING_ELIGIBLE
CWTV-SYM-000165,scripts/build_nexvox_engineering_corpus.py,classify,function,82,TRAINING_ELIGIBLE
CWTV-SYM-000166,scripts/build_nexvox_engineering_corpus.py,authority_domain,function,94,TRAINING_ELIGIBLE
CWTV-SYM-000167,scripts/build_nexvox_engineering_corpus.py,source_role,function,132,TRAINING_ELIGIBLE
CWTV-SYM-000168,scripts/build_nexvox_engineering_corpus.py,language,function,156,TRAINING_ELIGIBLE
CWTV-SYM-000169,scripts/build_nexvox_engineering_corpus.py,is_text_path,function,167,TRAINING_ELIGIBLE
CWTV-SYM-000170,scripts/build_nexvox_engineering_corpus.py,git_blob,function,174,TRAINING_ELIGIBLE
CWTV-SYM-000171,scripts/build_nexvox_engineering_corpus.py,decode_text,function,178,TRAINING_ELIGIBLE
CWTV-SYM-000172,scripts/build_nexvox_engineering_corpus.py,list_tree,function,185,TRAINING_ELIGIBLE
CWTV-SYM-000173,scripts/build_nexvox_engineering_corpus.py,commit_list,function,196,TRAINING_ELIGIBLE
CWTV-SYM-000174,scripts/build_nexvox_engineering_corpus.py,commit_meta,function,200,TRAINING_ELIGIBLE
CWTV-SYM-000175,scripts/build_nexvox_engineering_corpus.py,commit_numstat,function,211,TRAINING_ELIGIBLE
CWTV-SYM-000176,scripts/build_nexvox_engineering_corpus.py,changed_statuses,function,223,TRAINING_ELIGIBLE
CWTV-SYM-000177,scripts/build_nexvox_engineering_corpus.py,csv_write,function,236,TRAINING_ELIGIBLE
CWTV-SYM-000178,scripts/build_nexvox_engineering_corpus.py,yaml_quote,function,245,TRAINING_ELIGIBLE
CWTV-SYM-000179,scripts/build_nexvox_engineering_corpus.py,write_simple_yaml,function,255,TRAINING_ELIGIBLE
CWTV-SYM-000180,scripts/build_nexvox_engineering_corpus.py,parse_events,function,272,TRAINING_ELIGIBLE
CWTV-SYM-000181,scripts/build_nexvox_engineering_corpus.py,detect_symbols,function,281,TRAINING_ELIGIBLE
CWTV-SYM-000182,scripts/build_nexvox_engineering_corpus.py,Visitor,class,288,TRAINING_ELIGIBLE
CWTV-SYM-000183,scripts/build_nexvox_engineering_corpus.py,visit_FunctionDef,function,289,TRAINING_ELIGIBLE
CWTV-SYM-000184,scripts/build_nexvox_engineering_corpus.py,visit_AsyncFunctionDef,function,292,TRAINING_ELIGIBLE
CWTV-SYM-000185,scripts/build_nexvox_engineering_corpus.py,visit_ClassDef,function,295,TRAINING_ELIGIBLE
CWTV-SYM-000186,scripts/build_nexvox_engineering_corpus.py,dependency_rows,function,319,TRAINING_ELIGIBLE
CWTV-SYM-000187,scripts/build_nexvox_engineering_corpus.py,read_existing_conversation_rows,function,374,TRAINING_ELIGIBLE
CWTV-SYM-000188,scripts/build_nexvox_engineering_corpus.py,default_conversation_rows,function,382,TRAINING_ELIGIBLE
CWTV-SYM-000189,scripts/build_nexvox_engineering_corpus.py,chunk_text,function,414,TRAINING_ELIGIBLE
CWTV-SYM-000190,scripts/build_nexvox_engineering_corpus.py,build,function,431,TRAINING_ELIGIBLE
CWTV-SYM-000191,scripts/build_nexvox_engineering_corpus.py,add_recon,function,694,TRAINING_ELIGIBLE
CWTV-SYM-000192,scripts/build_nexvox_engineering_corpus.py,main,function,882,TRAINING_ELIGIBLE
CWTV-SYM-000193,scripts/build_nexvox_engineering_pdf.py,default_output,function,13,TRAINING_ELIGIBLE
CWTV-SYM-000194,scripts/build_nexvox_engineering_pdf.py,clean_inline,function,23,TRAINING_ELIGIBLE
CWTV-SYM-000195,scripts/build_nexvox_engineering_pdf.py,main,function,30,TRAINING_ELIGIBLE
CWTV-SYM-000196,scripts/build_nexvox_engineering_pdf.py,footer,function,71,TRAINING_ELIGIBLE
CWTV-SYM-000197,scripts/build_progress_dashboard.py,seconds_label,function,33,TRAINING_ELIGIBLE
CWTV-SYM-000198,scripts/build_progress_dashboard.py,event_time_label,function,49,TRAINING_ELIGIBLE
CWTV-SYM-000199,scripts/build_progress_dashboard.py,is_qualification_event,function,55,TRAINING_ELIGIBLE
CWTV-SYM-000200,scripts/build_progress_dashboard.py,is_correction_event,function,62,TRAINING_ELIGIBLE
CWTV-SYM-000201,scripts/build_progress_dashboard.py,milestone_progress,function,66,TRAINING_ELIGIBLE
CWTV-SYM-000202,scripts/build_progress_dashboard.py,observed_difficulty,function,80,TRAINING_ELIGIBLE
CWTV-SYM-000203,scripts/build_progress_dashboard.py,session_metrics,function,95,TRAINING_ELIGIBLE
CWTV-SYM-000204,scripts/build_progress_dashboard.py,elapsed_metric,function,141,TRAINING_ELIGIBLE
CWTV-SYM-000205,scripts/build_progress_dashboard.py,chronological_events,function,150,TRAINING_ELIGIBLE
CWTV-SYM-000206,scripts/build_progress_dashboard.py,build_model,function,157,TRAINING_ELIGIBLE
CWTV-SYM-000207,scripts/build_progress_dashboard.py,render_markdown,function,233,TRAINING_ELIGIBLE
CWTV-SYM-000208,scripts/build_progress_dashboard.py,projection_paths,function,315,TRAINING_ELIGIBLE
CWTV-SYM-000209,scripts/build_progress_dashboard.py,render_outputs,function,322,TRAINING_ELIGIBLE
CWTV-SYM-000210,scripts/build_progress_dashboard.py,main,function,330,TRAINING_ELIGIBLE
CWTV-SYM-000211,scripts/check_a3_master_geometry_parameterization.py,fail,function,21,TRAINING_ELIGIBLE
CWTV-SYM-000212,scripts/check_a3_master_geometry_parameterization.py,ok,function,26,TRAINING_ELIGIBLE
CWTV-SYM-000213,scripts/check_a3_master_geometry_parameterization.py,load_json,function,30,TRAINING_ELIGIBLE
CWTV-SYM-000214,scripts/check_a3_master_geometry_parameterization.py,check_md_whitespace,function,37,TRAINING_ELIGIBLE
CWTV-SYM-000215,scripts/check_a3_master_geometry_parameterization.py,main,function,48,TRAINING_ELIGIBLE
CWTV-SYM-000216,scripts/check_backend_skeleton.py,fail,function,44,TRAINING_ELIGIBLE
CWTV-SYM-000217,scripts/check_brand_streaming_signature_selection.py,fail,function,24,TRAINING_ELIGIBLE
CWTV-SYM-000218,scripts/check_brand_streaming_signature_selection.py,ok,function,29,TRAINING_ELIGIBLE
CWTV-SYM-000219,scripts/check_brand_streaming_signature_selection.py,require_file,function,33,TRAINING_ELIGIBLE
CWTV-SYM-000220,scripts/check_brand_streaming_signature_selection.py,check_markdown_whitespace,function,40,TRAINING_ELIGIBLE
CWTV-SYM-000221,scripts/check_brand_streaming_signature_selection.py,png_dimensions,function,51,TRAINING_ELIGIBLE
CWTV-SYM-000222,scripts/check_brand_streaming_signature_selection.py,main,function,59,TRAINING_ELIGIBLE
CWTV-SYM-000223,scripts/check_catalog_experience.py,fail,function,22,TRAINING_ELIGIBLE
CWTV-SYM-000224,scripts/check_catalog_experience.py,read,function,27,TRAINING_ELIGIBLE
CWTV-SYM-000225,scripts/check_catalog_experience.py,main,function,31,TRAINING_ELIGIBLE
CWTV-SYM-000226,scripts/check_ci_security_quality.py,ok,function,29,TRAINING_ELIGIBLE
CWTV-SYM-000227,scripts/check_ci_security_quality.py,fail,function,33,TRAINING_ELIGIBLE
CWTV-SYM-000228,scripts/check_ci_security_quality.py,read,function,37,TRAINING_ELIGIBLE
CWTV-SYM-000229,scripts/check_ci_security_quality.py,repository_files,function,41,TRAINING_ELIGIBLE
CWTV-SYM-000230,scripts/check_ci_security_quality.py,scan_repository,function,68,TRAINING_ELIGIBLE
CWTV-SYM-000231,scripts/check_ci_security_quality.py,main,function,124,TRAINING_ELIGIBLE
CWTV-SYM-000232,scripts/check_contract_foundation.py,fail,function,26,TRAINING_ELIGIBLE
CWTV-SYM-000233,scripts/check_contract_foundation.py,read,function,31,TRAINING_ELIGIBLE
CWTV-SYM-000234,scripts/check_contract_foundation.py,main,function,35,TRAINING_ELIGIBLE
CWTV-SYM-000235,scripts/check_database_foundation.py,require,function,25,TRAINING_ELIGIBLE
CWTV-SYM-000236,scripts/check_database_foundation.py,read,function,30,TRAINING_ELIGIBLE
CWTV-SYM-000237,scripts/check_database_foundation.py,main,function,34,TRAINING_ELIGIBLE
CWTV-SYM-000238,scripts/check_engineering_chronicle.py,fail,function,43,TRAINING_ELIGIBLE
CWTV-SYM-000239,scripts/check_engineering_chronicle.py,pass_line,function,48,TRAINING_ELIGIBLE
CWTV-SYM-000240,scripts/check_engineering_chronicle.py,main,function,52,TRAINING_ELIGIBLE
CWTV-SYM-000241,scripts/check_frontend_skeleton.py,fail,function,74,TRAINING_ELIGIBLE
CWTV-SYM-000242,scripts/check_frontend_skeleton.py,load_json,function,79,TRAINING_ELIGIBLE
CWTV-SYM-000243,scripts/check_frontend_skeleton.py,main,function,86,TRAINING_ELIGIBLE
CWTV-SYM-000244,scripts/check_homepage_data_foundation.py,fail,function,25,TRAINING_ELIGIBLE
CWTV-SYM-000245,scripts/check_homepage_data_foundation.py,read,function,30,TRAINING_ELIGIBLE
CWTV-SYM-000246,scripts/check_homepage_data_foundation.py,main,function,34,TRAINING_ELIGIBLE
CWTV-SYM-000247,scripts/check_homepage_experience.py,fail,function,28,TRAINING_ELIGIBLE
CWTV-SYM-000248,scripts/check_homepage_experience.py,read,function,33,TRAINING_ELIGIBLE
CWTV-SYM-000249,scripts/check_homepage_experience.py,main,function,37,TRAINING_ELIGIBLE
CWTV-SYM-000250,scripts/check_nexvox_engineering_corpus.py,projection_path_violations,function,77,TRAINING_ELIGIBLE
CWTV-SYM-000251,scripts/check_nexvox_engineering_corpus.py,fail,function,81,TRAINING_ELIGIBLE
CWTV-SYM-000252,scripts/check_nexvox_engineering_corpus.py,ok,function,86,TRAINING_ELIGIBLE
CWTV-SYM-000253,scripts/check_nexvox_engineering_corpus.py,run_git,function,90,TRAINING_ELIGIBLE
CWTV-SYM-000254,scripts/check_nexvox_engineering_corpus.py,sha256,function,94,TRAINING_ELIGIBLE
CWTV-SYM-000255,scripts/check_nexvox_engineering_corpus.py,flat_yaml,function,98,TRAINING_ELIGIBLE
CWTV-SYM-000256,scripts/check_nexvox_engineering_corpus.py,main,function,111,TRAINING_ELIGIBLE
CWTV-SYM-000257,scripts/check_production_brand_assets.py,fail,function,47,TRAINING_ELIGIBLE
CWTV-SYM-000258,scripts/check_production_brand_assets.py,sha256,function,52,TRAINING_ELIGIBLE
CWTV-SYM-000259,scripts/check_production_brand_assets.py,png_size,function,56,TRAINING_ELIGIBLE
CWTV-SYM-000260,scripts/check_production_brand_assets.py,check_svg,function,63,TRAINING_ELIGIBLE
CWTV-SYM-000261,scripts/check_production_brand_assets.py,main,function,79,TRAINING_ELIGIBLE
CWTV-SYM-000262,scripts/check_provider_runtime.py,fail,function,37,TRAINING_ELIGIBLE
CWTV-SYM-000263,scripts/check_provider_runtime.py,main,function,42,TRAINING_ELIGIBLE
CWTV-SYM-000264,scripts/check_refinement_regression.py,fail,function,17,TRAINING_ELIGIBLE
CWTV-SYM-000265,scripts/check_refinement_regression.py,read,function,22,TRAINING_ELIGIBLE
CWTV-SYM-000266,scripts/check_refinement_regression.py,require,function,29,TRAINING_ELIGIBLE
CWTV-SYM-000267,scripts/check_refinement_regression.py,forbid,function,35,TRAINING_ELIGIBLE
CWTV-SYM-000268,scripts/check_refinement_regression.py,main,function,41,TRAINING_ELIGIBLE
CWTV-SYM-000269,scripts/check_repository_tree.py,fail,function,55,TRAINING_ELIGIBLE
CWTV-SYM-000270,scripts/check_repository_tree.py,load_json,function,60,TRAINING_ELIGIBLE
CWTV-SYM-000271,scripts/check_repository_tree.py,main,function,67,TRAINING_ELIGIBLE
CWTV-SYM-000272,scripts/check_termux_linux_workflow.py,pass_line,function,52,TRAINING_ELIGIBLE
CWTV-SYM-000273,scripts/check_termux_linux_workflow.py,fail,function,56,TRAINING_ELIGIBLE
CWTV-SYM-000274,scripts/check_termux_linux_workflow.py,read,function,60,TRAINING_ELIGIBLE
CWTV-SYM-000275,scripts/check_termux_linux_workflow.py,main,function,64,TRAINING_ELIGIBLE
CWTV-SYM-000276,scripts/chronicle_core.py,repo_root_from_script,function,31,TRAINING_ELIGIBLE
CWTV-SYM-000277,scripts/chronicle_core.py,ledger_path,function,35,TRAINING_ELIGIBLE
CWTV-SYM-000278,scripts/chronicle_core.py,utc_now_iso,function,39,TRAINING_ELIGIBLE
CWTV-SYM-000279,scripts/chronicle_core.py,parse_timestamp,function,43,TRAINING_ELIGIBLE
CWTV-SYM-000280,scripts/chronicle_core.py,canonical_event_payload,function,51,TRAINING_ELIGIBLE
CWTV-SYM-000281,scripts/chronicle_core.py,calculate_event_sha256,function,56,TRAINING_ELIGIBLE
CWTV-SYM-000282,scripts/chronicle_core.py,_walk_sensitive_keys,function,60,TRAINING_ELIGIBLE
CWTV-SYM-000283,scripts/chronicle_core.py,validate_event,function,75,TRAINING_ELIGIBLE
CWTV-SYM-000284,scripts/chronicle_core.py,load_events,function,175,TRAINING_ELIGIBLE
CWTV-SYM-000285,scripts/chronicle_core.py,make_event,function,196,TRAINING_ELIGIBLE
CWTV-SYM-000286,scripts/chronicle_core.py,append_event,function,247,TRAINING_ELIGIBLE
CWTV-SYM-000287,scripts/diagnose_provider_identity.py,_text,function,18,TRAINING_ELIGIBLE
CWTV-SYM-000288,scripts/diagnose_provider_identity.py,main,async_function,22,TRAINING_ELIGIBLE
CWTV-SYM-000289,scripts/diagnose_stands4_final_candidates.py,identity,function,32,TRAINING_ELIGIBLE
CWTV-SYM-000290,scripts/diagnose_stands4_final_candidates.py,text,function,39,TRAINING_ELIGIBLE
CWTV-SYM-000291,scripts/diagnose_stands4_final_candidates.py,safe_https,function,43,TRAINING_ELIGIBLE
CWTV-SYM-000292,scripts/diagnose_stands4_final_candidates.py,object_key,function,53,TRAINING_ELIGIBLE
CWTV-SYM-000293,scripts/diagnose_stands4_final_candidates.py,main,async_function,62,TRAINING_ELIGIBLE
CWTV-SYM-000294,scripts/export_openapi_contract.py,repo_root,function,12,TRAINING_ELIGIBLE
CWTV-SYM-000295,scripts/export_openapi_contract.py,canonical_openapi_text,function,16,TRAINING_ELIGIBLE
CWTV-SYM-000296,scripts/export_openapi_contract.py,main,function,28,TRAINING_ELIGIBLE
CWTV-SYM-000297,scripts/probe_live_providers.py,main,async_function,30,TRAINING_ELIGIBLE
CWTV-SYM-000298,scripts/probe_live_providers.py,probe,async_function,50,TRAINING_ELIGIBLE
CWTV-SYM-000299,scripts/probe_live_providers.py,_tmdb_configuration,async_function,100,TRAINING_ELIGIBLE
CWTV-SYM-000300,scripts/probe_live_providers.py,_tmdb_lupita,async_function,108,TRAINING_ELIGIBLE
CWTV-SYM-000301,scripts/probe_live_providers.py,_omdb_title,async_function,134,TRAINING_ELIGIBLE
CWTV-SYM-000302,scripts/probe_live_providers.py,_news,async_function,141,TRAINING_ELIGIBLE
CWTV-SYM-000303,scripts/probe_live_providers.py,_watchmode_identity,async_function,155,TRAINING_ELIGIBLE
CWTV-SYM-000304,scripts/probe_live_providers.py,_kinocheck_identity,async_function,184,TRAINING_ELIGIBLE
CWTV-SYM-000305,scripts/probe_live_providers.py,_lyrics_identity,async_function,204,TRAINING_ELIGIBLE
CWTV-SYM-000306,scripts/probe_live_providers.py,_screenplay_identity,async_function,222,TRAINING_ELIGIBLE
CWTV-SYM-000307,scripts/probe_provider_runtime.py,probe_tmdb,async_function,21,TRAINING_ELIGIBLE
CWTV-SYM-000308,scripts/probe_provider_runtime.py,probe_omdb,async_function,30,TRAINING_ELIGIBLE
CWTV-SYM-000309,scripts/probe_provider_runtime.py,main,function,38,TRAINING_ELIGIBLE
CWTV-SYM-000310,scripts/reconcile_provider_fallbacks.py,fail,function,29,TRAINING_ELIGIBLE
CWTV-SYM-000311,scripts/reconcile_provider_fallbacks.py,is_webp,function,34,TRAINING_ELIGIBLE
CWTV-SYM-000312,scripts/reconcile_provider_fallbacks.py,build_manifest,function,39,TRAINING_ELIGIBLE
CWTV-SYM-000313,scripts/reconcile_provider_fallbacks.py,canonical_text,function,87,TRAINING_ELIGIBLE
CWTV-SYM-000314,scripts/reconcile_provider_fallbacks.py,main,function,91,TRAINING_ELIGIBLE
CWTV-SYM-000315,scripts/record_engineering_activity.py,parse_details,function,16,TRAINING_ELIGIBLE
CWTV-SYM-000316,scripts/record_engineering_activity.py,main,function,29,TRAINING_ELIGIBLE
CWTV-SYM-000317,scripts/run_and_record.py,rebuild_projections,function,16,TRAINING_ELIGIBLE
CWTV-SYM-000318,scripts/run_and_record.py,main,function,26,TRAINING_ELIGIBLE
CWTV-SYM-000319,services/api/cinewatch_api/api/system.py,health,function,17,TRAINING_ELIGIBLE
CWTV-SYM-000320,services/api/cinewatch_api/api/system.py,status,function,27,TRAINING_ELIGIBLE
CWTV-SYM-000321,services/api/cinewatch_api/api/system_state.py,_settings,function,9,TRAINING_ELIGIBLE
CWTV-SYM-000322,services/api/cinewatch_api/api/system_state.py,health_response,function,16,TRAINING_ELIGIBLE
CWTV-SYM-000323,services/api/cinewatch_api/api/system_state.py,status_response,function,21,TRAINING_ELIGIBLE
CWTV-SYM-000324,services/api/cinewatch_api/api/v1/catalog.py,_service,function,29,TRAINING_ELIGIBLE
CWTV-SYM-000325,services/api/cinewatch_api/api/v1/catalog.py,_provider_failure,function,37,TRAINING_ELIGIBLE
CWTV-SYM-000326,services/api/cinewatch_api/api/v1/catalog.py,catalog_title,async_function,51,TRAINING_ELIGIBLE
CWTV-SYM-000327,services/api/cinewatch_api/api/v1/catalog.py,catalog_title_videos,async_function,70,TRAINING_ELIGIBLE
CWTV-SYM-000328,services/api/cinewatch_api/api/v1/catalog.py,catalog_reviews,async_function,87,TRAINING_ELIGIBLE
CWTV-SYM-000329,services/api/cinewatch_api/api/v1/catalog.py,catalog_tv_season,async_function,105,TRAINING_ELIGIBLE
CWTV-SYM-000330,services/api/cinewatch_api/api/v1/catalog.py,catalog_provider,async_function,123,TRAINING_ELIGIBLE
CWTV-SYM-000331,services/api/cinewatch_api/api/v1/catalog.py,catalog_person,async_function,147,TRAINING_ELIGIBLE
CWTV-SYM-000332,services/api/cinewatch_api/api/v1/catalog.py,catalog_browse,async_function,164,TRAINING_ELIGIBLE
CWTV-SYM-000333,services/api/cinewatch_api/api/v1/external.py,_service,function,27,TRAINING_ELIGIBLE
CWTV-SYM-000334,services/api/cinewatch_api/api/v1/external.py,_provider_failure,function,40,TRAINING_ELIGIBLE
CWTV-SYM-000335,services/api/cinewatch_api/api/v1/external.py,where_to_watch,async_function,53,TRAINING_ELIGIBLE
CWTV-SYM-000336,services/api/cinewatch_api/api/v1/external.py,trailer_library,async_function,72,TRAINING_ELIGIBLE
CWTV-SYM-000337,services/api/cinewatch_api/api/v1/external.py,lyrics_lookup,async_function,88,TRAINING_ELIGIBLE
CWTV-SYM-000338,services/api/cinewatch_api/api/v1/external.py,script_lookup,async_function,108,TRAINING_ELIGIBLE
CWTV-SYM-000339,services/api/cinewatch_api/api/v1/home.py,home,async_function,26,TRAINING_ELIGIBLE
CWTV-SYM-000340,services/api/cinewatch_api/api/v1/home_experience.py,_service,function,26,TRAINING_ELIGIBLE
CWTV-SYM-000341,services/api/cinewatch_api/api/v1/home_experience.py,_provider_failure,function,34,TRAINING_ELIGIBLE
CWTV-SYM-000342,services/api/cinewatch_api/api/v1/home_experience.py,home_rail,async_function,48,TRAINING_ELIGIBLE
CWTV-SYM-000343,services/api/cinewatch_api/api/v1/home_experience.py,home_trailers,async_function,70,TRAINING_ELIGIBLE
CWTV-SYM-000344,services/api/cinewatch_api/api/v1/home_experience.py,home_search,async_function,83,TRAINING_ELIGIBLE
CWTV-SYM-000345,services/api/cinewatch_api/api/v1/home_experience.py,home_genres,async_function,99,TRAINING_ELIGIBLE
CWTV-SYM-000346,services/api/cinewatch_api/api/v1/home_experience.py,home_hero_experience,async_function,114,TRAINING_ELIGIBLE
CWTV-SYM-000347,services/api/cinewatch_api/api/v1/media_authority.py,apply_media_authority,function,19,TRAINING_ELIGIBLE
CWTV-SYM-000348,services/api/cinewatch_api/api/v1/news.py,_service,function,19,TRAINING_ELIGIBLE
CWTV-SYM-000349,services/api/cinewatch_api/api/v1/news.py,news,async_function,30,TRAINING_ELIGIBLE
CWTV-SYM-000350,services/api/cinewatch_api/api/v1/search.py,_service,function,20,TRAINING_ELIGIBLE
CWTV-SYM-000351,services/api/cinewatch_api/api/v1/search.py,search,async_function,31,TRAINING_ELIGIBLE
CWTV-SYM-000352,services/api/cinewatch_api/api/v1/system.py,status,function,17,TRAINING_ELIGIBLE
CWTV-SYM-000353,services/api/cinewatch_api/api/v1/voice.py,stage_voice_sample,async_function,23,TRAINING_ELIGIBLE
CWTV-SYM-000354,services/api/cinewatch_api/application.py,_lifespan,function,23,TRAINING_ELIGIBLE
CWTV-SYM-000355,services/api/cinewatch_api/application.py,lifespan,async_function,25,TRAINING_ELIGIBLE
CWTV-SYM-000356,services/api/cinewatch_api/application.py,create_app,function,48,TRAINING_ELIGIBLE
CWTV-SYM-000357,services/api/cinewatch_api/catalog/service.py,TmdbGateway,class,76,TRAINING_ELIGIBLE
CWTV-SYM-000358,services/api/cinewatch_api/catalog/service.py,get_json,async_function,77,TRAINING_ELIGIBLE
CWTV-SYM-000359,services/api/cinewatch_api/catalog/service.py,OmdbGateway,class,85,TRAINING_ELIGIBLE
CWTV-SYM-000360,services/api/cinewatch_api/catalog/service.py,lookup_imdb,async_function,86,TRAINING_ELIGIBLE
CWTV-SYM-000361,services/api/cinewatch_api/catalog/service.py,CatalogService,class,89,TRAINING_ELIGIBLE
CWTV-SYM-000362,services/api/cinewatch_api/catalog/service.py,__init__,function,92,TRAINING_ELIGIBLE
CWTV-SYM-000363,services/api/cinewatch_api/catalog/service.py,title,async_function,97,TRAINING_ELIGIBLE
CWTV-SYM-000364,services/api/cinewatch_api/catalog/service.py,videos,async_function,180,TRAINING_ELIGIBLE
CWTV-SYM-000365,services/api/cinewatch_api/catalog/service.py,reviews,async_function,214,TRAINING_ELIGIBLE
CWTV-SYM-000366,services/api/cinewatch_api/catalog/service.py,season,async_function,229,TRAINING_ELIGIBLE
CWTV-SYM-000367,services/api/cinewatch_api/catalog/service.py,person,async_function,273,TRAINING_ELIGIBLE
CWTV-SYM-000368,services/api/cinewatch_api/catalog/service.py,provider,async_function,312,TRAINING_ELIGIBLE
CWTV-SYM-000369,services/api/cinewatch_api/catalog/service.py,browse,async_function,380,TRAINING_ELIGIBLE
CWTV-SYM-000370,services/api/cinewatch_api/catalog/service.py,fetch_groups,async_function,438,TRAINING_ELIGIBLE
CWTV-SYM-000371,services/api/cinewatch_api/catalog/service.py,_browse_requests,async_function,488,TRAINING_ELIGIBLE
CWTV-SYM-000372,services/api/cinewatch_api/catalog/service.py,_collection_requests,function,529,TRAINING_ELIGIBLE
CWTV-SYM-000373,services/api/cinewatch_api/catalog/service.py,_enforce_discovery_scope,function,620,TRAINING_ELIGIBLE
CWTV-SYM-000374,services/api/cinewatch_api/catalog/service.py,_discover_params,function,667,TRAINING_ELIGIBLE
CWTV-SYM-000375,services/api/cinewatch_api/catalog/service.py,_normalize_year_params,function,682,TRAINING_ELIGIBLE
CWTV-SYM-000376,services/api/cinewatch_api/catalog/service.py,_omdb_payload,async_function,697,TRAINING_ELIGIBLE
CWTV-SYM-000377,services/api/cinewatch_api/catalog/service.py,_select_title_trailer,async_function,705,TRAINING_ELIGIBLE
CWTV-SYM-000378,services/api/cinewatch_api/catalog/service.py,_normalized_videos,function,727,TRAINING_ELIGIBLE
CWTV-SYM-000379,services/api/cinewatch_api/catalog/service.py,_select_video,function,767,TRAINING_ELIGIBLE
CWTV-SYM-000380,services/api/cinewatch_api/catalog/service.py,_latest_regular_season,function,805,TRAINING_ELIGIBLE
CWTV-SYM-000381,services/api/cinewatch_api/catalog/service.py,_video_results,function,824,TRAINING_ELIGIBLE
CWTV-SYM-000382,services/api/cinewatch_api/catalog/service.py,_ratings,function,828,TRAINING_ELIGIBLE
CWTV-SYM-000383,services/api/cinewatch_api/catalog/service.py,_networks,function,846,TRAINING_ELIGIBLE
CWTV-SYM-000384,services/api/cinewatch_api/catalog/service.py,_watch_providers,function,860,TRAINING_ELIGIBLE
CWTV-SYM-000385,services/api/cinewatch_api/catalog/service.py,_cast,function,894,TRAINING_ELIGIBLE
CWTV-SYM-000386,services/api/cinewatch_api/catalog/service.py,_crew,function,907,TRAINING_ELIGIBLE
CWTV-SYM-000387,services/api/cinewatch_api/catalog/service.py,_seasons,function,919,TRAINING_ELIGIBLE
CWTV-SYM-000388,services/api/cinewatch_api/catalog/service.py,_reviews_from_appended,function,930,TRAINING_ELIGIBLE
CWTV-SYM-000389,services/api/cinewatch_api/catalog/service.py,_review_count,function,934,TRAINING_ELIGIBLE
CWTV-SYM-000390,services/api/cinewatch_api/catalog/service.py,_reviews,function,938,TRAINING_ELIGIBLE
CWTV-SYM-000391,services/api/cinewatch_api/catalog/service.py,_recommendations,function,952,TRAINING_ELIGIBLE
CWTV-SYM-000392,services/api/cinewatch_api/catalog/service.py,_person_credits,function,966,TRAINING_ELIGIBLE
CWTV-SYM-000393,services/api/cinewatch_api/catalog/service.py,_person_crew_credits,function,987,TRAINING_ELIGIBLE
CWTV-SYM-000394,services/api/cinewatch_api/catalog/service.py,_summaries,function,1028,TRAINING_ELIGIBLE
CWTV-SYM-000395,services/api/cinewatch_api/catalog/service.py,_round_robin,function,1043,TRAINING_ELIGIBLE
CWTV-SYM-000396,services/api/cinewatch_api/catalog/service.py,_dedupe_summaries,function,1058,TRAINING_ELIGIBLE
CWTV-SYM-000397,services/api/cinewatch_api/catalog/service.py,_find_watch_provider,function,1067,TRAINING_ELIGIBLE
CWTV-SYM-000398,services/api/cinewatch_api/catalog/service.py,_resolve_genre,function,1083,TRAINING_ELIGIBLE
CWTV-SYM-000399,services/api/cinewatch_api/catalog/service.py,_genres,function,1094,TRAINING_ELIGIBLE
CWTV-SYM-000400,services/api/cinewatch_api/catalog/service.py,_genre_names,function,1098,TRAINING_ELIGIBLE
CWTV-SYM-000401,services/api/cinewatch_api/catalog/service.py,_creators,function,1102,TRAINING_ELIGIBLE
CWTV-SYM-000402,services/api/cinewatch_api/catalog/service.py,_writers,function,1108,TRAINING_ELIGIBLE
CWTV-SYM-000403,services/api/cinewatch_api/catalog/service.py,_runtime,function,1120,TRAINING_ELIGIBLE
CWTV-SYM-000404,services/api/cinewatch_api/catalog/service.py,_image,function,1130,TRAINING_ELIGIBLE
CWTV-SYM-000405,services/api/cinewatch_api/catalog/service.py,_validate_media,function,1136,TRAINING_ELIGIBLE
CWTV-SYM-000406,services/api/cinewatch_api/catalog/service.py,_slug,function,1140,TRAINING_ELIGIBLE
CWTV-SYM-000407,services/api/cinewatch_api/catalog/service.py,_year,function,1144,TRAINING_ELIGIBLE
CWTV-SYM-000408,services/api/cinewatch_api/catalog/service.py,_date,function,1149,TRAINING_ELIGIBLE
CWTV-SYM-000409,services/api/cinewatch_api/catalog/service.py,_datetime,function,1156,TRAINING_ELIGIBLE
CWTV-SYM-000410,services/api/cinewatch_api/catalog/service.py,_text,function,1165,TRAINING_ELIGIBLE
CWTV-SYM-000411,services/api/cinewatch_api/catalog/service.py,_clamp_rating,function,1170,TRAINING_ELIGIBLE
CWTV-SYM-000412,services/api/cinewatch_api/catalog/service.py,_number,function,1177,TRAINING_ELIGIBLE
CWTV-SYM-000413,services/api/cinewatch_api/catalog/service.py,_int,function,1182,TRAINING_ELIGIBLE
CWTV-SYM-000414,services/api/cinewatch_api/catalog/service.py,_positive_int,function,1186,TRAINING_ELIGIBLE
CWTV-SYM-000415,services/api/cinewatch_api/catalog/service.py,_nonnegative_int,function,1190,TRAINING_ELIGIBLE
CWTV-SYM-000416,services/api/cinewatch_api/catalog/service.py,_dedupe_text,function,1194,TRAINING_ELIGIBLE
CWTV-SYM-000417,services/api/cinewatch_api/contracts/catalog.py,CatalogRating,class,12,TRAINING_ELIGIBLE
CWTV-SYM-000418,services/api/cinewatch_api/contracts/catalog.py,CatalogNetwork,class,19,TRAINING_ELIGIBLE
CWTV-SYM-000419,services/api/cinewatch_api/contracts/catalog.py,CatalogWatchProvider,class,27,TRAINING_ELIGIBLE
CWTV-SYM-000420,services/api/cinewatch_api/contracts/catalog.py,CatalogTrailer,class,36,TRAINING_ELIGIBLE
CWTV-SYM-000421,services/api/cinewatch_api/contracts/catalog.py,CatalogVideosResponse,class,47,TRAINING_ELIGIBLE
CWTV-SYM-000422,services/api/cinewatch_api/contracts/catalog.py,CatalogCastMember,class,55,TRAINING_ELIGIBLE
CWTV-SYM-000423,services/api/cinewatch_api/contracts/catalog.py,CatalogCrewMember,class,65,TRAINING_ELIGIBLE
CWTV-SYM-000424,services/api/cinewatch_api/contracts/catalog.py,CatalogReview,class,76,TRAINING_ELIGIBLE
CWTV-SYM-000425,services/api/cinewatch_api/contracts/catalog.py,CatalogSeason,class,89,TRAINING_ELIGIBLE
CWTV-SYM-000426,services/api/cinewatch_api/contracts/catalog.py,CatalogEpisode,class,101,TRAINING_ELIGIBLE
CWTV-SYM-000427,services/api/cinewatch_api/contracts/catalog.py,CatalogMediaSummary,class,114,TRAINING_ELIGIBLE
CWTV-SYM-000428,services/api/cinewatch_api/contracts/catalog.py,CatalogTitleResponse,class,127,TRAINING_ELIGIBLE
CWTV-SYM-000429,services/api/cinewatch_api/contracts/catalog.py,CatalogReviewsResponse,class,164,TRAINING_ELIGIBLE
CWTV-SYM-000430,services/api/cinewatch_api/contracts/catalog.py,CatalogSeasonResponse,class,175,TRAINING_ELIGIBLE
CWTV-SYM-000431,services/api/cinewatch_api/contracts/catalog.py,CatalogPersonCredit,class,186,TRAINING_ELIGIBLE
CWTV-SYM-000432,services/api/cinewatch_api/contracts/catalog.py,CatalogPersonResponse,class,200,TRAINING_ELIGIBLE
CWTV-SYM-000433,services/api/cinewatch_api/contracts/catalog.py,CatalogBrowseResponse,class,216,TRAINING_ELIGIBLE
CWTV-SYM-000434,services/api/cinewatch_api/contracts/catalog.py,CatalogProviderResponse,class,232,TRAINING_ELIGIBLE
CWTV-SYM-000435,services/api/cinewatch_api/contracts/errors.py,ErrorBody,class,6,TRAINING_ELIGIBLE
CWTV-SYM-000436,services/api/cinewatch_api/contracts/errors.py,ErrorEnvelope,class,14,TRAINING_ELIGIBLE
CWTV-SYM-000437,services/api/cinewatch_api/contracts/external.py,ExternalAvailabilitySource,class,10,TRAINING_ELIGIBLE
CWTV-SYM-000438,services/api/cinewatch_api/contracts/external.py,ExternalAvailabilityResponse,class,22,TRAINING_ELIGIBLE
CWTV-SYM-000439,services/api/cinewatch_api/contracts/external.py,ExternalTrailer,class,31,TRAINING_ELIGIBLE
CWTV-SYM-000440,services/api/cinewatch_api/contracts/external.py,ExternalTrailerLibraryResponse,class,46,TRAINING_ELIGIBLE
CWTV-SYM-000441,services/api/cinewatch_api/contracts/external.py,LyricsMatch,class,55,TRAINING_ELIGIBLE
CWTV-SYM-000442,services/api/cinewatch_api/contracts/external.py,LyricsLookupResponse,class,66,TRAINING_ELIGIBLE
CWTV-SYM-000443,services/api/cinewatch_api/contracts/external.py,ScriptMatch,class,79,TRAINING_ELIGIBLE
CWTV-SYM-000444,services/api/cinewatch_api/contracts/external.py,ScriptLookupResponse,class,96,TRAINING_ELIGIBLE
CWTV-SYM-000445,services/api/cinewatch_api/contracts/external.py,ProviderQualificationItem,class,106,TRAINING_ELIGIBLE
CWTV-SYM-000446,services/api/cinewatch_api/contracts/external.py,ProviderQualificationResponse,class,114,TRAINING_ELIGIBLE
CWTV-SYM-000447,services/api/cinewatch_api/contracts/home.py,HomeRating,class,13,TRAINING_ELIGIBLE
CWTV-SYM-000448,services/api/cinewatch_api/contracts/home.py,HomeMediaGap,class,24,TRAINING_ELIGIBLE
CWTV-SYM-000449,services/api/cinewatch_api/contracts/home.py,HomeItem,class,39,TRAINING_ELIGIBLE
CWTV-SYM-000450,services/api/cinewatch_api/contracts/home.py,HomeSections,class,61,TRAINING_ELIGIBLE
CWTV-SYM-000451,services/api/cinewatch_api/contracts/home.py,HomeResponse,class,72,TRAINING_ELIGIBLE
CWTV-SYM-000452,services/api/cinewatch_api/contracts/home_experience.py,HomeExternalRating,class,14,TRAINING_ELIGIBLE
CWTV-SYM-000453,services/api/cinewatch_api/contracts/home_experience.py,HomeTrailer,class,23,TRAINING_ELIGIBLE
CWTV-SYM-000454,services/api/cinewatch_api/contracts/home_experience.py,HomeHeroExperience,class,36,TRAINING_ELIGIBLE
CWTV-SYM-000455,services/api/cinewatch_api/contracts/home_experience.py,HomeRailResponse,class,49,TRAINING_ELIGIBLE
CWTV-SYM-000456,services/api/cinewatch_api/contracts/home_experience.py,HomeTrailerCard,class,59,TRAINING_ELIGIBLE
CWTV-SYM-000457,services/api/cinewatch_api/contracts/home_experience.py,HomeTrailerRailResponse,class,68,TRAINING_ELIGIBLE
CWTV-SYM-000458,services/api/cinewatch_api/contracts/home_experience.py,HomeSearchSuggestion,class,78,TRAINING_ELIGIBLE
CWTV-SYM-000459,services/api/cinewatch_api/contracts/home_experience.py,HomeSearchResponse,class,91,TRAINING_ELIGIBLE
CWTV-SYM-000460,services/api/cinewatch_api/contracts/home_experience.py,HomeGenreEntry,class,100,TRAINING_ELIGIBLE
CWTV-SYM-000461,services/api/cinewatch_api/contracts/home_experience.py,HomeGenresResponse,class,112,TRAINING_ELIGIBLE
CWTV-SYM-000462,services/api/cinewatch_api/contracts/news.py,NewsSource,class,8,TRAINING_ELIGIBLE
CWTV-SYM-000463,services/api/cinewatch_api/contracts/news.py,NewsArticle,class,14,TRAINING_ELIGIBLE
CWTV-SYM-000464,services/api/cinewatch_api/contracts/news.py,NewsResponse,class,26,TRAINING_ELIGIBLE
CWTV-SYM-000465,services/api/cinewatch_api/contracts/search.py,SearchSuggestion,class,12,TRAINING_ELIGIBLE
CWTV-SYM-000466,services/api/cinewatch_api/contracts/search.py,SearchResponse,class,25,TRAINING_ELIGIBLE
CWTV-SYM-000467,services/api/cinewatch_api/contracts/system.py,HealthResponse,class,10,TRAINING_ELIGIBLE
CWTV-SYM-000468,services/api/cinewatch_api/contracts/system.py,StatusResponse,class,17,TRAINING_ELIGIBLE
CWTV-SYM-000469,services/api/cinewatch_api/contracts/voice.py,VoiceSampleMetadata,class,10,TRAINING_ELIGIBLE
CWTV-SYM-000470,services/api/cinewatch_api/contracts/voice.py,VoiceSampleStageRequest,class,23,TRAINING_ELIGIBLE
CWTV-SYM-000471,services/api/cinewatch_api/contracts/voice.py,VoiceSampleStageResponse,class,30,TRAINING_ELIGIBLE
CWTV-SYM-000472,services/api/cinewatch_api/database/base.py,Base,class,15,TRAINING_ELIGIBLE
CWTV-SYM-000473,services/api/cinewatch_api/database/engine.py,create_database_engine,function,11,TRAINING_ELIGIBLE
CWTV-SYM-000474,services/api/cinewatch_api/database/session.py,create_session_factory,function,9,TRAINING_ELIGIBLE
CWTV-SYM-000475,services/api/cinewatch_api/database/url.py,DatabaseConfigurationError,class,12,TRAINING_ELIGIBLE
CWTV-SYM-000476,services/api/cinewatch_api/database/url.py,require_database_url,function,16,TRAINING_ELIGIBLE
CWTV-SYM-000477,services/api/cinewatch_api/database/url.py,safe_database_url,function,42,TRAINING_ELIGIBLE
CWTV-SYM-000478,services/api/cinewatch_api/errors.py,ApiError,class,16,TRAINING_ELIGIBLE
CWTV-SYM-000479,services/api/cinewatch_api/errors.py,__init__,function,19,TRAINING_ELIGIBLE
CWTV-SYM-000480,services/api/cinewatch_api/errors.py,_request_id,function,26,TRAINING_ELIGIBLE
CWTV-SYM-000481,services/api/cinewatch_api/errors.py,_response,function,30,TRAINING_ELIGIBLE
CWTV-SYM-000482,services/api/cinewatch_api/errors.py,api_error_handler,async_function,37,TRAINING_ELIGIBLE
CWTV-SYM-000483,services/api/cinewatch_api/errors.py,validation_error_handler,async_function,46,TRAINING_ELIGIBLE
CWTV-SYM-000484,services/api/cinewatch_api/errors.py,unhandled_error_handler,async_function,56,TRAINING_ELIGIBLE
CWTV-SYM-000485,services/api/cinewatch_api/errors.py,register_exception_handlers,function,70,TRAINING_ELIGIBLE
CWTV-SYM-000486,services/api/cinewatch_api/external/service.py,WatchmodeGateway,class,23,TRAINING_ELIGIBLE
CWTV-SYM-000487,services/api/cinewatch_api/external/service.py,get_json,async_function,24,TRAINING_ELIGIBLE
CWTV-SYM-000488,services/api/cinewatch_api/external/service.py,KinoCheckGateway,class,27,TRAINING_ELIGIBLE
CWTV-SYM-000489,services/api/cinewatch_api/external/service.py,get_json,async_function,28,TRAINING_ELIGIBLE
CWTV-SYM-000490,services/api/cinewatch_api/external/service.py,LyricsGateway,class,31,TRAINING_ELIGIBLE
CWTV-SYM-000491,services/api/cinewatch_api/external/service.py,search,async_function,32,TRAINING_ELIGIBLE
CWTV-SYM-000492,services/api/cinewatch_api/external/service.py,ScreenplayGateway,class,35,TRAINING_ELIGIBLE
CWTV-SYM-000493,services/api/cinewatch_api/external/service.py,search_title,async_function,36,TRAINING_ELIGIBLE
CWTV-SYM-000494,services/api/cinewatch_api/external/service.py,ExternalDataService,class,39,TRAINING_ELIGIBLE
CWTV-SYM-000495,services/api/cinewatch_api/external/service.py,__init__,function,40,TRAINING_ELIGIBLE
CWTV-SYM-000496,services/api/cinewatch_api/external/service.py,where_to_watch,async_function,53,TRAINING_ELIGIBLE
CWTV-SYM-000497,services/api/cinewatch_api/external/service.py,trailer_library,async_function,108,TRAINING_ELIGIBLE
CWTV-SYM-000498,services/api/cinewatch_api/external/service.py,lyrics_lookup,async_function,158,TRAINING_ELIGIBLE
CWTV-SYM-000499,services/api/cinewatch_api/external/service.py,script_lookup,async_function,243,TRAINING_ELIGIBLE
CWTV-SYM-000500,services/api/cinewatch_api/external/service.py,_identity,function,302,TRAINING_ELIGIBLE
CWTV-SYM-000501,services/api/cinewatch_api/external/service.py,_require_text,function,308,TRAINING_ELIGIBLE
CWTV-SYM-000502,services/api/cinewatch_api/external/service.py,_text,function,315,TRAINING_ELIGIBLE
CWTV-SYM-000503,services/api/cinewatch_api/external/service.py,_positive_int,function,322,TRAINING_ELIGIBLE
CWTV-SYM-000504,services/api/cinewatch_api/external/service.py,_nonnegative_int,function,332,TRAINING_ELIGIBLE
CWTV-SYM-000505,services/api/cinewatch_api/external/service.py,_number,function,342,TRAINING_ELIGIBLE
CWTV-SYM-000506,services/api/cinewatch_api/external/service.py,_safe_https_url,function,355,TRAINING_ELIGIBLE
CWTV-SYM-000507,services/api/cinewatch_api/home/aggregation.py,TmdbGateway,class,21,TRAINING_ELIGIBLE
CWTV-SYM-000508,services/api/cinewatch_api/home/aggregation.py,get_json,async_function,24,TRAINING_ELIGIBLE
CWTV-SYM-000509,services/api/cinewatch_api/home/aggregation.py,_ImageConfiguration,class,34,TRAINING_ELIGIBLE
CWTV-SYM-000510,services/api/cinewatch_api/home/aggregation.py,HomepageAggregator,class,41,TRAINING_ELIGIBLE
CWTV-SYM-000511,services/api/cinewatch_api/home/aggregation.py,__init__,function,44,TRAINING_ELIGIBLE
CWTV-SYM-000512,services/api/cinewatch_api/home/aggregation.py,build,async_function,47,TRAINING_ELIGIBLE
CWTV-SYM-000513,services/api/cinewatch_api/home/aggregation.py,_normalize_results,function,107,TRAINING_ELIGIBLE
CWTV-SYM-000514,services/api/cinewatch_api/home/aggregation.py,_normalize_item,function,139,TRAINING_ELIGIBLE
CWTV-SYM-000515,services/api/cinewatch_api/home/aggregation.py,_genre_ids,function,247,TRAINING_ELIGIBLE
CWTV-SYM-000516,services/api/cinewatch_api/home/aggregation.py,_future_path,function,257,TRAINING_ELIGIBLE
CWTV-SYM-000517,services/api/cinewatch_api/home/aggregation.py,_rating,function,263,TRAINING_ELIGIBLE
CWTV-SYM-000518,services/api/cinewatch_api/home/aggregation.py,_media_gap,function,278,TRAINING_ELIGIBLE
CWTV-SYM-000519,services/api/cinewatch_api/home/aggregation.py,_image_configuration,function,295,TRAINING_ELIGIBLE
CWTV-SYM-000520,services/api/cinewatch_api/home/aggregation.py,_choose_size,function,331,TRAINING_ELIGIBLE
CWTV-SYM-000521,services/api/cinewatch_api/home/aggregation.py,_image_url,function,342,TRAINING_ELIGIBLE
CWTV-SYM-000522,services/api/cinewatch_api/home/aggregation.py,_text,function,346,TRAINING_ELIGIBLE
CWTV-SYM-000523,services/api/cinewatch_api/home/aggregation.py,_number,function,353,TRAINING_ELIGIBLE
CWTV-SYM-000524,services/api/cinewatch_api/home/experience.py,TmdbGateway,class,44,TRAINING_ELIGIBLE
CWTV-SYM-000525,services/api/cinewatch_api/home/experience.py,get_json,async_function,45,TRAINING_ELIGIBLE
CWTV-SYM-000526,services/api/cinewatch_api/home/experience.py,OmdbGateway,class,53,TRAINING_ELIGIBLE
CWTV-SYM-000527,services/api/cinewatch_api/home/experience.py,lookup_imdb,async_function,54,TRAINING_ELIGIBLE
CWTV-SYM-000528,services/api/cinewatch_api/home/experience.py,HomepageExperienceService,class,57,TRAINING_ELIGIBLE
CWTV-SYM-000529,services/api/cinewatch_api/home/experience.py,__init__,function,60,TRAINING_ELIGIBLE
CWTV-SYM-000530,services/api/cinewatch_api/home/experience.py,rail,async_function,65,TRAINING_ELIGIBLE
CWTV-SYM-000531,services/api/cinewatch_api/home/experience.py,search,async_function,196,TRAINING_ELIGIBLE
CWTV-SYM-000532,services/api/cinewatch_api/home/experience.py,genres,async_function,233,TRAINING_ELIGIBLE
CWTV-SYM-000533,services/api/cinewatch_api/home/experience.py,hero,async_function,255,TRAINING_ELIGIBLE
CWTV-SYM-000534,services/api/cinewatch_api/home/experience.py,trailer_rail,async_function,279,TRAINING_ELIGIBLE
CWTV-SYM-000535,services/api/cinewatch_api/home/experience.py,_single_rail,async_function,301,TRAINING_ELIGIBLE
CWTV-SYM-000536,services/api/cinewatch_api/home/experience.py,_combined_rail,async_function,317,TRAINING_ELIGIBLE
CWTV-SYM-000537,services/api/cinewatch_api/home/experience.py,_movie_trailer_card,async_function,351,TRAINING_ELIGIBLE
CWTV-SYM-000538,services/api/cinewatch_api/home/experience.py,_hero_trailer,async_function,358,TRAINING_ELIGIBLE
CWTV-SYM-000539,services/api/cinewatch_api/home/experience.py,_external_ratings,async_function,389,TRAINING_ELIGIBLE
CWTV-SYM-000540,services/api/cinewatch_api/home/experience.py,_parse_omdb_ratings,function,405,TRAINING_ELIGIBLE
CWTV-SYM-000541,services/api/cinewatch_api/home/experience.py,_writers,function,429,TRAINING_ELIGIBLE
CWTV-SYM-000542,services/api/cinewatch_api/home/experience.py,_latest_regular_season,function,458,TRAINING_ELIGIBLE
CWTV-SYM-000543,services/api/cinewatch_api/home/experience.py,_select_video,function,479,TRAINING_ELIGIBLE
CWTV-SYM-000544,services/api/cinewatch_api/home/experience.py,_video_results,function,542,TRAINING_ELIGIBLE
CWTV-SYM-000545,services/api/cinewatch_api/home/experience.py,_merge_genres,function,549,TRAINING_ELIGIBLE
CWTV-SYM-000546,services/api/cinewatch_api/home/experience.py,_future_path,function,569,TRAINING_ELIGIBLE
CWTV-SYM-000547,services/api/cinewatch_api/home/experience.py,_dedupe_text,function,575,TRAINING_ELIGIBLE
CWTV-SYM-000548,services/api/cinewatch_api/home/experience.py,_slug,function,587,TRAINING_ELIGIBLE
CWTV-SYM-000549,services/api/cinewatch_api/home/experience.py,_positive_int,function,592,TRAINING_ELIGIBLE
CWTV-SYM-000550,services/api/cinewatch_api/home/experience.py,_text,function,598,TRAINING_ELIGIBLE
CWTV-SYM-000551,services/api/cinewatch_api/home/experience.py,_date,function,605,TRAINING_ELIGIBLE
CWTV-SYM-000552,services/api/cinewatch_api/home/experience.py,_datetime,function,615,TRAINING_ELIGIBLE
CWTV-SYM-000553,services/api/cinewatch_api/logging.py,JsonFormatter,class,22,TRAINING_ELIGIBLE
CWTV-SYM-000554,services/api/cinewatch_api/logging.py,format,function,25,TRAINING_ELIGIBLE
CWTV-SYM-000555,services/api/cinewatch_api/logging.py,configure_logging,function,41,TRAINING_ELIGIBLE
CWTV-SYM-000556,services/api/cinewatch_api/media/authority.py,MediaAuthority,class,20,TRAINING_ELIGIBLE
CWTV-SYM-000557,services/api/cinewatch_api/media/authority.py,__init__,function,21,TRAINING_ELIGIBLE
CWTV-SYM-000558,services/api/cinewatch_api/media/authority.py,_resolve,function,25,TRAINING_ELIGIBLE
CWTV-SYM-000559,services/api/cinewatch_api/media/authority.py,apply_home,function,34,TRAINING_ELIGIBLE
CWTV-SYM-000560,services/api/cinewatch_api/media/authority.py,apply_title,function,62,TRAINING_ELIGIBLE
CWTV-SYM-000561,services/api/cinewatch_api/media/authority.py,apply_person,function,84,TRAINING_ELIGIBLE
CWTV-SYM-000562,services/api/cinewatch_api/media/authority.py,apply_browse,function,92,TRAINING_ELIGIBLE
CWTV-SYM-000563,services/api/cinewatch_api/media/authority.py,apply_season,function,99,TRAINING_ELIGIBLE
CWTV-SYM-000564,services/api/cinewatch_api/media/authority.py,apply_provider,function,107,TRAINING_ELIGIBLE
CWTV-SYM-000565,services/api/cinewatch_api/media/authority.py,apply_search,function,115,TRAINING_ELIGIBLE
CWTV-SYM-000566,services/api/cinewatch_api/media/fallbacks.py,slugify,function,34,TRAINING_ELIGIBLE
CWTV-SYM-000567,services/api/cinewatch_api/media/fallbacks.py,remediation_for,function,40,TRAINING_ELIGIBLE
CWTV-SYM-000568,services/api/cinewatch_api/media/fallbacks.py,MediaGap,class,47,TRAINING_ELIGIBLE
CWTV-SYM-000569,services/api/cinewatch_api/media/fallbacks.py,__post_init__,function,54,TRAINING_ELIGIBLE
CWTV-SYM-000570,services/api/cinewatch_api/media/fallbacks.py,remediation,function,65,TRAINING_ELIGIBLE
CWTV-SYM-000571,services/api/cinewatch_api/media/fallbacks.py,directory,function,69,TRAINING_ELIGIBLE
CWTV-SYM-000572,services/api/cinewatch_api/media/fallbacks.py,suggested_filename,function,73,TRAINING_ELIGIBLE
CWTV-SYM-000573,services/api/cinewatch_api/media/fallbacks.py,public_path,function,80,TRAINING_ELIGIBLE
CWTV-SYM-000574,services/api/cinewatch_api/media/fallbacks.py,as_record,function,83,TRAINING_ELIGIBLE
CWTV-SYM-000575,services/api/cinewatch_api/media/models.py,MissingMediaRecord,class,13,TRAINING_ELIGIBLE
CWTV-SYM-000576,services/api/cinewatch_api/media/models.py,MediaOverrideRecord,class,34,TRAINING_ELIGIBLE
CWTV-SYM-000577,services/api/cinewatch_api/media/repository.py,MediaAuthorityRepository,class,14,TRAINING_ELIGIBLE
CWTV-SYM-000578,services/api/cinewatch_api/media/repository.py,__init__,function,15,TRAINING_ELIGIBLE
CWTV-SYM-000579,services/api/cinewatch_api/media/repository.py,find_override,function,18,TRAINING_ELIGIBLE
CWTV-SYM-000580,services/api/cinewatch_api/media/repository.py,record_gap,function,32,TRAINING_ELIGIBLE
CWTV-SYM-000581,services/api/cinewatch_api/middleware/request_id.py,_request_id,function,16,TRAINING_ELIGIBLE
CWTV-SYM-000582,services/api/cinewatch_api/middleware/request_id.py,RequestIdMiddleware,class,22,TRAINING_ELIGIBLE
CWTV-SYM-000583,services/api/cinewatch_api/middleware/request_id.py,__init__,function,25,TRAINING_ELIGIBLE
CWTV-SYM-000584,services/api/cinewatch_api/middleware/request_id.py,__call__,async_function,28,TRAINING_ELIGIBLE
CWTV-SYM-000585,services/api/cinewatch_api/middleware/request_id.py,send_with_request_id,async_function,37,TRAINING_ELIGIBLE
CWTV-SYM-000586,services/api/cinewatch_api/news/service.py,NewsGateway,class,11,TRAINING_ELIGIBLE
CWTV-SYM-000587,services/api/cinewatch_api/news/service.py,get_json,async_function,12,TRAINING_ELIGIBLE
CWTV-SYM-000588,services/api/cinewatch_api/news/service.py,NewsService,class,20,TRAINING_ELIGIBLE
CWTV-SYM-000589,services/api/cinewatch_api/news/service.py,__init__,function,21,TRAINING_ELIGIBLE
CWTV-SYM-000590,services/api/cinewatch_api/news/service.py,search,async_function,24,TRAINING_ELIGIBLE
CWTV-SYM-000591,services/api/cinewatch_api/news/service.py,_safe_https_url,function,80,TRAINING_ELIGIBLE
CWTV-SYM-000592,services/api/cinewatch_api/news/service.py,_text,function,90,TRAINING_ELIGIBLE
CWTV-SYM-000593,services/api/cinewatch_api/providers/apify.py,ApifyScreenplayClient,class,24,TRAINING_ELIGIBLE
CWTV-SYM-000594,services/api/cinewatch_api/providers/apify.py,__init__,function,25,TRAINING_ELIGIBLE
CWTV-SYM-000595,services/api/cinewatch_api/providers/apify.py,_credential,function,36,TRAINING_ELIGIBLE
CWTV-SYM-000596,services/api/cinewatch_api/providers/apify.py,search_title,async_function,45,TRAINING_ELIGIBLE
CWTV-SYM-000597,services/api/cinewatch_api/providers/errors.py,ProviderError,class,6,TRAINING_ELIGIBLE
CWTV-SYM-000598,services/api/cinewatch_api/providers/errors.py,__init__,function,9,TRAINING_ELIGIBLE
CWTV-SYM-000599,services/api/cinewatch_api/providers/errors.py,ProviderConfigurationError,class,24,TRAINING_ELIGIBLE
CWTV-SYM-000600,services/api/cinewatch_api/providers/errors.py,ProviderAuthenticationError,class,28,TRAINING_ELIGIBLE
CWTV-SYM-000601,services/api/cinewatch_api/providers/errors.py,ProviderRateLimitError,class,32,TRAINING_ELIGIBLE
CWTV-SYM-000602,services/api/cinewatch_api/providers/errors.py,ProviderUnavailableError,class,36,TRAINING_ELIGIBLE
CWTV-SYM-000603,services/api/cinewatch_api/providers/errors.py,ProviderResponseError,class,40,TRAINING_ELIGIBLE
CWTV-SYM-000604,services/api/cinewatch_api/providers/kinocheck.py,KinoCheckClient,class,21,TRAINING_ELIGIBLE
CWTV-SYM-000605,services/api/cinewatch_api/providers/kinocheck.py,__init__,function,24,TRAINING_ELIGIBLE
CWTV-SYM-000606,services/api/cinewatch_api/providers/kinocheck.py,get_json,async_function,35,TRAINING_ELIGIBLE
CWTV-SYM-000607,services/api/cinewatch_api/providers/newsapi.py,NewsApiClient,class,22,TRAINING_ELIGIBLE
CWTV-SYM-000608,services/api/cinewatch_api/providers/newsapi.py,__init__,function,23,TRAINING_ELIGIBLE
CWTV-SYM-000609,services/api/cinewatch_api/providers/newsapi.py,_credential,function,34,TRAINING_ELIGIBLE
CWTV-SYM-000610,services/api/cinewatch_api/providers/newsapi.py,get_json,async_function,43,TRAINING_ELIGIBLE
CWTV-SYM-000611,services/api/cinewatch_api/providers/omdb.py,OmdbClient,class,20,TRAINING_ELIGIBLE
CWTV-SYM-000612,services/api/cinewatch_api/providers/omdb.py,__init__,function,23,TRAINING_ELIGIBLE
CWTV-SYM-000613,services/api/cinewatch_api/providers/omdb.py,_credential,function,34,TRAINING_ELIGIBLE
CWTV-SYM-000614,services/api/cinewatch_api/providers/omdb.py,lookup_imdb,async_function,43,TRAINING_ELIGIBLE
CWTV-SYM-000615,services/api/cinewatch_api/providers/stands4.py,Stands4LyricsClient,class,22,TRAINING_ELIGIBLE
CWTV-SYM-000616,services/api/cinewatch_api/providers/stands4.py,__init__,function,23,TRAINING_ELIGIBLE
CWTV-SYM-000617,services/api/cinewatch_api/providers/stands4.py,_credentials,function,36,TRAINING_ELIGIBLE
CWTV-SYM-000618,services/api/cinewatch_api/providers/stands4.py,search,async_function,47,TRAINING_ELIGIBLE
CWTV-SYM-000619,services/api/cinewatch_api/providers/tmdb.py,TmdbClient,class,22,TRAINING_ELIGIBLE
CWTV-SYM-000620,services/api/cinewatch_api/providers/tmdb.py,__init__,function,25,TRAINING_ELIGIBLE
CWTV-SYM-000621,services/api/cinewatch_api/providers/tmdb.py,_credential,function,36,TRAINING_ELIGIBLE
CWTV-SYM-000622,services/api/cinewatch_api/providers/tmdb.py,get_json,async_function,45,TRAINING_ELIGIBLE
CWTV-SYM-000623,services/api/cinewatch_api/providers/tmdb.py,configuration,async_function,117,TRAINING_ELIGIBLE
CWTV-SYM-000624,services/api/cinewatch_api/providers/watchmode.py,WatchmodeClient,class,22,TRAINING_ELIGIBLE
CWTV-SYM-000625,services/api/cinewatch_api/providers/watchmode.py,__init__,function,25,TRAINING_ELIGIBLE
CWTV-SYM-000626,services/api/cinewatch_api/providers/watchmode.py,_credential,function,36,TRAINING_ELIGIBLE
CWTV-SYM-000627,services/api/cinewatch_api/providers/watchmode.py,get_json,async_function,45,TRAINING_ELIGIBLE
CWTV-SYM-000628,services/api/cinewatch_api/search/service.py,TmdbGateway,class,14,TRAINING_ELIGIBLE
CWTV-SYM-000629,services/api/cinewatch_api/search/service.py,get_json,async_function,15,TRAINING_ELIGIBLE
CWTV-SYM-000630,services/api/cinewatch_api/search/service.py,SearchService,class,23,TRAINING_ELIGIBLE
CWTV-SYM-000631,services/api/cinewatch_api/search/service.py,__init__,function,26,TRAINING_ELIGIBLE
CWTV-SYM-000632,services/api/cinewatch_api/search/service.py,search,async_function,30,TRAINING_ELIGIBLE
CWTV-SYM-000633,services/api/cinewatch_api/search/service.py,_genre_suggestions,function,118,TRAINING_ELIGIBLE
CWTV-SYM-000634,services/api/cinewatch_api/search/service.py,_provider_suggestions,function,153,TRAINING_ELIGIBLE
CWTV-SYM-000635,services/api/cinewatch_api/search/service.py,_year,function,199,TRAINING_ELIGIBLE
CWTV-SYM-000636,services/api/cinewatch_api/search/service.py,_slug,function,206,TRAINING_ELIGIBLE
CWTV-SYM-000637,services/api/cinewatch_api/search/service.py,_text,function,210,TRAINING_ELIGIBLE
CWTV-SYM-000638,services/api/cinewatch_api/search/service.py,_positive_int,function,217,TRAINING_ELIGIBLE
CWTV-SYM-000639,services/api/cinewatch_api/settings.py,Settings,class,13,TRAINING_ELIGIBLE
CWTV-SYM-000640,services/api/cinewatch_api/settings.py,get_settings,function,44,TRAINING_ELIGIBLE
CWTV-SYM-000641,services/api/cinewatch_api/voice/service.py,VoiceStagingDisabledError,class,15,TRAINING_ELIGIBLE
CWTV-SYM-000642,services/api/cinewatch_api/voice/service.py,InvalidVoiceSampleError,class,19,TRAINING_ELIGIBLE
CWTV-SYM-000643,services/api/cinewatch_api/voice/service.py,VoiceStagingService,class,23,TRAINING_ELIGIBLE
CWTV-SYM-000644,services/api/cinewatch_api/voice/service.py,__init__,function,28,TRAINING_ELIGIBLE
CWTV-SYM-000645,services/api/cinewatch_api/voice/service.py,stage,function,31,TRAINING_ELIGIBLE
CWTV-SYM-000646,services/api/cinewatch_api/voice/service.py,_write_private,function,70,TRAINING_ELIGIBLE
CWTV-SYM-000647,services/api/migrations/env.py,_database_url,function,21,TRAINING_ELIGIBLE
CWTV-SYM-000648,services/api/migrations/env.py,run_migrations_offline,function,25,TRAINING_ELIGIBLE
CWTV-SYM-000649,services/api/migrations/env.py,run_migrations_online,function,40,TRAINING_ELIGIBLE
CWTV-SYM-000650,services/api/migrations/versions/0001_postgresql_migration_foundation.py,upgrade,function,16,TRAINING_ELIGIBLE
CWTV-SYM-000651,services/api/migrations/versions/0001_postgresql_migration_foundation.py,downgrade,function,22,TRAINING_ELIGIBLE
CWTV-SYM-000652,services/api/migrations/versions/0002_missing_media_authority.py,upgrade,function,19,TRAINING_ELIGIBLE
CWTV-SYM-000653,services/api/migrations/versions/0002_missing_media_authority.py,downgrade,function,58,TRAINING_ELIGIBLE
CWTV-SYM-000654,services/api/tests/conftest.py,settings,function,11,TRAINING_ELIGIBLE
CWTV-SYM-000655,services/api/tests/conftest.py,client,function,21,TRAINING_ELIGIBLE
CWTV-SYM-000656,services/api/tests/test_catalog_endpoint.py,_client,function,11,TRAINING_ELIGIBLE
CWTV-SYM-000657,services/api/tests/test_catalog_endpoint.py,test_catalog_title_endpoint_is_stable,function,15,TRAINING_ELIGIBLE
CWTV-SYM-000658,services/api/tests/test_catalog_endpoint.py,fake_title,async_function,16,TRAINING_ELIGIBLE
CWTV-SYM-000659,services/api/tests/test_catalog_endpoint.py,test_catalog_browse_endpoint_keeps_filters_inside_cinewatch_contract,function,26,TRAINING_ELIGIBLE
CWTV-SYM-000660,services/api/tests/test_catalog_endpoint.py,fake_browse,async_function,27,TRAINING_ELIGIBLE
CWTV-SYM-000661,services/api/tests/test_catalog_service.py,FakeTmdb,class,8,TRAINING_ELIGIBLE
CWTV-SYM-000662,services/api/tests/test_catalog_service.py,__init__,function,9,TRAINING_ELIGIBLE
CWTV-SYM-000663,services/api/tests/test_catalog_service.py,get_json,async_function,13,TRAINING_ELIGIBLE
CWTV-SYM-000664,services/api/tests/test_catalog_service.py,FakeOmdb,class,18,TRAINING_ELIGIBLE
CWTV-SYM-000665,services/api/tests/test_catalog_service.py,lookup_imdb,async_function,19,TRAINING_ELIGIBLE
CWTV-SYM-000666,services/api/tests/test_catalog_service.py,configuration,function,31,TRAINING_ELIGIBLE
CWTV-SYM-000667,services/api/tests/test_catalog_service.py,test_movie_title_composes_ratings_cast_provider_and_recommendations,function,42,TRAINING_ELIGIBLE
CWTV-SYM-000668,services/api/tests/test_catalog_service.py,test_person_uses_popular_credit_backdrop_and_role_identity,function,88,TRAINING_ELIGIBLE
CWTV-SYM-000669,services/api/tests/test_catalog_service.py,test_kenyan_browse_uses_country_and_swahili_signals,function,103,TRAINING_ELIGIBLE
CWTV-SYM-000670,services/api/tests/test_catalog_service.py,test_unknown_genre_is_rejected_instead_of_rendering_fake_empty_collection,function,111,TRAINING_ELIGIBLE
CWTV-SYM-000671,services/api/tests/test_catalog_service.py,test_unknown_country_is_rejected_instead_of_rendering_fake_collection,function,126,TRAINING_ELIGIBLE
CWTV-SYM-000672,services/api/tests/test_catalog_service.py,test_tv_title_prefers_latest_regular_season_trailer_and_exposes_seasons,function,135,TRAINING_ELIGIBLE
CWTV-SYM-000673,services/api/tests/test_catalog_service.py,test_unavailable_rating_values_are_omitted_and_watch_provider_cap_is_bounded,function,161,TRAINING_ELIGIBLE
CWTV-SYM-000674,services/api/tests/test_catalog_service.py,UnavailableOmdb,class,184,TRAINING_ELIGIBLE
CWTV-SYM-000675,services/api/tests/test_catalog_service.py,lookup_imdb,async_function,185,TRAINING_ELIGIBLE
CWTV-SYM-000676,services/api/tests/test_catalog_service.py,test_collection_media_type_filter_does_not_return_wrong_feed_type,function,194,TRAINING_ELIGIBLE
CWTV-SYM-000677,services/api/tests/test_catalog_service.py,test_title_videos_include_supported_youtube_media_and_rank_official_trailer_first,function,204,TRAINING_ELIGIBLE
CWTV-SYM-000678,services/api/tests/test_catalog_service.py,test_review_contract_exposes_tmdb_provenance,function,219,TRAINING_ELIGIBLE
CWTV-SYM-000679,services/api/tests/test_catalog_service.py,test_language_filter_ranks_preferred_language_first_and_keeps_year_hard,function,235,TRAINING_ELIGIBLE
CWTV-SYM-000680,services/api/tests/test_catalog_service.py,FilteringTmdb,class,236,TRAINING_ELIGIBLE
CWTV-SYM-000681,services/api/tests/test_catalog_service.py,__init__,function,237,TRAINING_ELIGIBLE
CWTV-SYM-000682,services/api/tests/test_catalog_service.py,get_json,async_function,240,TRAINING_ELIGIBLE
CWTV-SYM-000683,services/api/tests/test_catalog_service.py,test_discovery_scope_rechecks_provider_language_and_year_anomalies,function,280,TRAINING_ELIGIBLE
CWTV-SYM-000684,services/api/tests/test_catalog_service.py,AnomalousTmdb,class,281,TRAINING_ELIGIBLE
CWTV-SYM-000685,services/api/tests/test_catalog_service.py,get_json,async_function,282,TRAINING_ELIGIBLE
CWTV-SYM-000686,services/api/tests/test_contract_snapshot.py,test_canonical_openapi_snapshot_matches_fastapi_authority,function,10,TRAINING_ELIGIBLE
CWTV-SYM-000687,services/api/tests/test_database_foundation.py,test_database_url_is_optional_until_database_operation,function,12,TRAINING_ELIGIBLE
CWTV-SYM-000688,services/api/tests/test_database_foundation.py,test_database_url_accepts_only_psycopg_postgresql,function,21,TRAINING_ELIGIBLE
CWTV-SYM-000689,services/api/tests/test_database_foundation.py,test_database_url_rejects_non_postgresql_driver,function,35,TRAINING_ELIGIBLE
CWTV-SYM-000690,services/api/tests/test_database_foundation.py,test_database_url_redacts_password,function,45,TRAINING_ELIGIBLE
CWTV-SYM-000691,services/api/tests/test_errors.py,_settings,function,9,TRAINING_ELIGIBLE
CWTV-SYM-000692,services/api/tests/test_errors.py,test_api_error_envelope,function,13,TRAINING_ELIGIBLE
CWTV-SYM-000693,services/api/tests/test_errors.py,fail,function,16,TRAINING_ELIGIBLE
CWTV-SYM-000694,services/api/tests/test_errors.py,test_unhandled_error_envelope,function,34,TRAINING_ELIGIBLE
CWTV-SYM-000695,services/api/tests/test_errors.py,fail,function,37,TRAINING_ELIGIBLE
CWTV-SYM-000696,services/api/tests/test_external_provider_clients.py,test_watchmode_uses_header_not_query_secret,function,14,TRAINING_ELIGIBLE
CWTV-SYM-000697,services/api/tests/test_external_provider_clients.py,handler,function,17,TRAINING_ELIGIBLE
CWTV-SYM-000698,services/api/tests/test_external_provider_clients.py,run,async_function,22,TRAINING_ELIGIBLE
CWTV-SYM-000699,services/api/tests/test_external_provider_clients.py,test_kinocheck_public_request_does_not_invent_api_key,function,30,TRAINING_ELIGIBLE
CWTV-SYM-000700,services/api/tests/test_external_provider_clients.py,handler,function,31,TRAINING_ELIGIBLE
CWTV-SYM-000701,services/api/tests/test_external_provider_clients.py,run,async_function,36,TRAINING_ELIGIBLE
CWTV-SYM-000702,services/api/tests/test_external_provider_clients.py,test_kinocheck_keyed_request_sends_required_host_header,function,45,TRAINING_ELIGIBLE
CWTV-SYM-000703,services/api/tests/test_external_provider_clients.py,handler,function,46,TRAINING_ELIGIBLE
CWTV-SYM-000704,services/api/tests/test_external_provider_clients.py,run,async_function,51,TRAINING_ELIGIBLE
CWTV-SYM-000705,services/api/tests/test_external_provider_clients.py,test_stands4_lyrics_sends_term_and_artist_together,function,58,TRAINING_ELIGIBLE
CWTV-SYM-000706,services/api/tests/test_external_provider_clients.py,handler,function,59,TRAINING_ELIGIBLE
CWTV-SYM-000707,services/api/tests/test_external_provider_clients.py,run,async_function,65,TRAINING_ELIGIBLE
CWTV-SYM-000708,services/api/tests/test_external_provider_clients.py,test_apify_uses_official_actor_endpoint_and_bearer_token,function,75,TRAINING_ELIGIBLE
CWTV-SYM-000709,services/api/tests/test_external_provider_clients.py,handler,function,78,TRAINING_ELIGIBLE
CWTV-SYM-000710,services/api/tests/test_external_provider_clients.py,run,async_function,85,TRAINING_ELIGIBLE
CWTV-SYM-000711,services/api/tests/test_external_service.py,FakeWatchmode,class,8,TRAINING_ELIGIBLE
CWTV-SYM-000712,services/api/tests/test_external_service.py,__init__,function,9,TRAINING_ELIGIBLE
CWTV-SYM-000713,services/api/tests/test_external_service.py,get_json,async_function,13,TRAINING_ELIGIBLE
CWTV-SYM-000714,services/api/tests/test_external_service.py,FakeKinoCheck,class,18,TRAINING_ELIGIBLE
CWTV-SYM-000715,services/api/tests/test_external_service.py,__init__,function,19,TRAINING_ELIGIBLE
CWTV-SYM-000716,services/api/tests/test_external_service.py,get_json,async_function,22,TRAINING_ELIGIBLE
CWTV-SYM-000717,services/api/tests/test_external_service.py,FakeLyrics,class,27,TRAINING_ELIGIBLE
CWTV-SYM-000718,services/api/tests/test_external_service.py,__init__,function,28,TRAINING_ELIGIBLE
CWTV-SYM-000719,services/api/tests/test_external_service.py,search,async_function,32,TRAINING_ELIGIBLE
CWTV-SYM-000720,services/api/tests/test_external_service.py,FakeScreenplay,class,37,TRAINING_ELIGIBLE
CWTV-SYM-000721,services/api/tests/test_external_service.py,__init__,function,38,TRAINING_ELIGIBLE
CWTV-SYM-000722,services/api/tests/test_external_service.py,search_title,async_function,42,TRAINING_ELIGIBLE
CWTV-SYM-000723,services/api/tests/test_external_service.py,test_watchmode_uses_exact_tmdb_identity_and_region,function,47,TRAINING_ELIGIBLE
CWTV-SYM-000724,services/api/tests/test_external_service.py,test_watchmode_rejects_non_https_handoffs,function,58,TRAINING_ELIGIBLE
CWTV-SYM-000725,services/api/tests/test_external_service.py,test_kinocheck_preserves_connected_tmdb_identity,function,66,TRAINING_ELIGIBLE
CWTV-SYM-000726,services/api/tests/test_external_service.py,test_lyrics_requires_exact_song_and_artist,function,88,TRAINING_ELIGIBLE
CWTV-SYM-000727,services/api/tests/test_external_service.py,test_lyrics_same_name_without_artist_identity_is_unresolved,function,102,TRAINING_ELIGIBLE
CWTV-SYM-000728,services/api/tests/test_external_service.py,test_lyrics_duplicate_exact_identities_are_ambiguous_not_guessed,function,115,TRAINING_ELIGIBLE
CWTV-SYM-000729,services/api/tests/test_external_service.py,test_screenplay_requires_exact_title,function,128,TRAINING_ELIGIBLE
CWTV-SYM-000730,services/api/tests/test_external_service.py,test_screenplay_year_is_hard_identity_constraint,function,141,TRAINING_ELIGIBLE
CWTV-SYM-000731,services/api/tests/test_external_service.py,test_screenplay_multiple_exact_matches_are_ambiguous,function,150,TRAINING_ELIGIBLE
CWTV-SYM-000732,services/api/tests/test_external_service.py,test_lyrics_album_disambiguates_duplicate_song_artist_releases,function,161,TRAINING_ELIGIBLE
CWTV-SYM-000733,services/api/tests/test_external_service.py,test_lyrics_duplicate_rows_with_same_provider_song_url_collapse_safely,function,178,TRAINING_ELIGIBLE
CWTV-SYM-000734,services/api/tests/test_external_service.py,test_screenplay_unique_exact_title_may_resolve_when_provider_omits_optional_year,function,191,TRAINING_ELIGIBLE
CWTV-SYM-000735,services/api/tests/test_external_service.py,test_screenplay_provider_year_conflict_still_rejects_exact_title,function,203,TRAINING_ELIGIBLE
CWTV-SYM-000736,services/api/tests/test_external_service.py,test_lyrics_distinct_provider_song_urls_remain_candidates_not_guessed,function,212,TRAINING_ELIGIBLE
CWTV-SYM-000737,services/api/tests/test_external_service.py,test_lyrics_explicit_provider_reference_resolves_one_ambiguous_candidate,function,224,TRAINING_ELIGIBLE
CWTV-SYM-000738,services/api/tests/test_external_service.py,test_lyrics_invalid_reference_url_is_rejected,function,236,TRAINING_ELIGIBLE
CWTV-SYM-000739,services/api/tests/test_home_aggregation.py,FakeTmdb,class,11,TRAINING_ELIGIBLE
CWTV-SYM-000740,services/api/tests/test_home_aggregation.py,__init__,function,12,TRAINING_ELIGIBLE
CWTV-SYM-000741,services/api/tests/test_home_aggregation.py,get_json,async_function,16,TRAINING_ELIGIBLE
CWTV-SYM-000742,services/api/tests/test_home_aggregation.py,_configuration,function,27,TRAINING_ELIGIBLE
CWTV-SYM-000743,services/api/tests/test_home_aggregation.py,test_homepage_aggregation_normalizes_sections_and_media_gaps,function,38,TRAINING_ELIGIBLE
CWTV-SYM-000744,services/api/tests/test_home_aggregation.py,test_homepage_aggregation_rejects_missing_tmdb_image_configuration,function,161,TRAINING_ELIGIBLE
CWTV-SYM-000745,services/api/tests/test_home_endpoint.py,_client,function,12,TRAINING_ELIGIBLE
CWTV-SYM-000746,services/api/tests/test_home_endpoint.py,test_home_endpoint_returns_cinewatch_contract,function,26,TRAINING_ELIGIBLE
CWTV-SYM-000747,services/api/tests/test_home_endpoint.py,fake_build,async_function,27,TRAINING_ELIGIBLE
CWTV-SYM-000748,services/api/tests/test_home_endpoint.py,test_home_endpoint_normalizes_provider_failure,function,50,TRAINING_ELIGIBLE
CWTV-SYM-000749,services/api/tests/test_home_endpoint.py,fake_build,async_function,51,TRAINING_ELIGIBLE
CWTV-SYM-000750,services/api/tests/test_home_experience.py,FakeTmdb,class,8,TRAINING_ELIGIBLE
CWTV-SYM-000751,services/api/tests/test_home_experience.py,__init__,function,9,TRAINING_ELIGIBLE
CWTV-SYM-000752,services/api/tests/test_home_experience.py,get_json,async_function,13,TRAINING_ELIGIBLE
CWTV-SYM-000753,services/api/tests/test_home_experience.py,FakeOmdb,class,18,TRAINING_ELIGIBLE
CWTV-SYM-000754,services/api/tests/test_home_experience.py,lookup_imdb,async_function,19,TRAINING_ELIGIBLE
CWTV-SYM-000755,services/api/tests/test_home_experience.py,configuration,function,29,TRAINING_ELIGIBLE
CWTV-SYM-000756,services/api/tests/test_home_experience.py,test_tv_hero_prefers_latest_season_trailer_and_enriches_ratings,function,40,TRAINING_ELIGIBLE
CWTV-SYM-000757,services/api/tests/test_home_experience.py,test_genres_merge_movie_and_tv_authority,function,90,TRAINING_ELIGIBLE
CWTV-SYM-000758,services/api/tests/test_home_experience.py,test_search_carries_future_route_without_navigating,function,104,TRAINING_ELIGIBLE
CWTV-SYM-000759,services/api/tests/test_home_experience.py,test_kenyan_rail_combines_and_deduplicates_sources,function,134,TRAINING_ELIGIBLE
CWTV-SYM-000760,services/api/tests/test_home_experience.py,test_tv_hero_series_fallback_rejects_wrong_season_and_stale_video,function,170,TRAINING_ELIGIBLE
CWTV-SYM-000761,services/api/tests/test_home_experience_endpoint.py,_client,function,15,TRAINING_ELIGIBLE
CWTV-SYM-000762,services/api/tests/test_home_experience_endpoint.py,test_home_search_endpoint_returns_bounded_cinewatch_contract,function,29,TRAINING_ELIGIBLE
CWTV-SYM-000763,services/api/tests/test_home_experience_endpoint.py,fake_search,async_function,30,TRAINING_ELIGIBLE
CWTV-SYM-000764,services/api/tests/test_home_experience_endpoint.py,test_home_genres_endpoint_returns_cinewatch_contract,function,43,TRAINING_ELIGIBLE
CWTV-SYM-000765,services/api/tests/test_home_experience_endpoint.py,fake_genres,async_function,44,TRAINING_ELIGIBLE
CWTV-SYM-000766,services/api/tests/test_home_experience_endpoint.py,test_home_hero_endpoint_returns_optional_enrichment,function,57,TRAINING_ELIGIBLE
CWTV-SYM-000767,services/api/tests/test_home_experience_endpoint.py,fake_hero,async_function,58,TRAINING_ELIGIBLE
CWTV-SYM-000768,services/api/tests/test_home_experience_endpoint.py,test_unknown_lazy_rail_returns_stable_not_found_error,function,85,TRAINING_ELIGIBLE
CWTV-SYM-000769,services/api/tests/test_media_authority.py,_payload,function,14,TRAINING_ELIGIBLE
CWTV-SYM-000770,services/api/tests/test_media_authority.py,test_missing_media_is_logged_without_disqualifying_entity,function,39,TRAINING_ELIGIBLE
CWTV-SYM-000771,services/api/tests/test_media_authority.py,test_approved_override_precedes_missing_provider_media,function,54,TRAINING_ELIGIBLE
CWTV-SYM-000772,services/api/tests/test_media_fallbacks.py,test_person_profile_requires_human_research,function,4,TRAINING_ELIGIBLE
CWTV-SYM-000773,services/api/tests/test_media_fallbacks.py,test_logos_and_backdrops_allow_generation,function,18,TRAINING_ELIGIBLE
CWTV-SYM-000774,services/api/tests/test_media_fallbacks.py,test_fallback_slug_is_deterministic,function,24,TRAINING_ELIGIBLE
CWTV-SYM-000775,services/api/tests/test_migration_foundation.py,test_migration_lineage_has_single_governed_head,function,9,TRAINING_ELIGIBLE
CWTV-SYM-000776,services/api/tests/test_migration_foundation.py,test_foundation_revision_contains_no_domain_operations,function,24,TRAINING_ELIGIBLE
CWTV-SYM-000777,services/api/tests/test_news_provider.py,test_newsapi_client_uses_server_header_and_parses_payload,function,11,TRAINING_ELIGIBLE
CWTV-SYM-000778,services/api/tests/test_news_provider.py,run,async_function,12,TRAINING_ELIGIBLE
CWTV-SYM-000779,services/api/tests/test_news_provider.py,handler,function,13,TRAINING_ELIGIBLE
CWTV-SYM-000780,services/api/tests/test_news_service.py,FakeNews,class,8,TRAINING_ELIGIBLE
CWTV-SYM-000781,services/api/tests/test_news_service.py,get_json,async_function,9,TRAINING_ELIGIBLE
CWTV-SYM-000782,services/api/tests/test_news_service.py,test_news_service_normalizes_and_rejects_non_https_articles,function,34,TRAINING_ELIGIBLE
CWTV-SYM-000783,services/api/tests/test_openapi.py,test_openapi_preserves_required_foundation_routes,function,11,TRAINING_ELIGIBLE
CWTV-SYM-000784,services/api/tests/test_openapi.py,test_openapi_foundation_operation_ids_are_explicit_and_stable,function,19,TRAINING_ELIGIBLE
CWTV-SYM-000785,services/api/tests/test_provider_clients.py,test_tmdb_client_authenticates_server_side,function,16,TRAINING_ELIGIBLE
CWTV-SYM-000786,services/api/tests/test_provider_clients.py,handler,function,19,TRAINING_ELIGIBLE
CWTV-SYM-000787,services/api/tests/test_provider_clients.py,run,async_function,25,TRAINING_ELIGIBLE
CWTV-SYM-000788,services/api/tests/test_provider_clients.py,test_tmdb_client_normalizes_rate_limit_without_leaking_secret,function,35,TRAINING_ELIGIBLE
CWTV-SYM-000789,services/api/tests/test_provider_clients.py,handler,function,38,TRAINING_ELIGIBLE
CWTV-SYM-000790,services/api/tests/test_provider_clients.py,run,async_function,41,TRAINING_ELIGIBLE
CWTV-SYM-000791,services/api/tests/test_provider_clients.py,test_omdb_client_enriches_by_imdb_identity,function,56,TRAINING_ELIGIBLE
CWTV-SYM-000792,services/api/tests/test_provider_clients.py,handler,function,60,TRAINING_ELIGIBLE
CWTV-SYM-000793,services/api/tests/test_provider_clients.py,run,async_function,65,TRAINING_ELIGIBLE
CWTV-SYM-000794,services/api/tests/test_provider_clients.py,test_omdb_client_normalizes_invalid_api_key,function,75,TRAINING_ELIGIBLE
CWTV-SYM-000795,services/api/tests/test_provider_clients.py,handler,function,76,TRAINING_ELIGIBLE
CWTV-SYM-000796,services/api/tests/test_provider_clients.py,run,async_function,79,TRAINING_ELIGIBLE
CWTV-SYM-000797,services/api/tests/test_provider_settings.py,test_provider_settings_are_secret_values,function,6,TRAINING_ELIGIBLE
CWTV-SYM-000798,services/api/tests/test_request_id.py,test_safe_request_id_is_propagated,function,4,TRAINING_ELIGIBLE
CWTV-SYM-000799,services/api/tests/test_request_id.py,test_invalid_request_id_is_replaced,function,11,TRAINING_ELIGIBLE
CWTV-SYM-000800,services/api/tests/test_search_service.py,FakeTmdb,class,8,TRAINING_ELIGIBLE
CWTV-SYM-000801,services/api/tests/test_search_service.py,get_json,async_function,9,TRAINING_ELIGIBLE
CWTV-SYM-000802,services/api/tests/test_search_service.py,test_typed_search_is_bounded_and_routes_entities,function,38,TRAINING_ELIGIBLE
CWTV-SYM-000803,services/api/tests/test_search_service.py,test_typed_search_can_return_genre,function,45,TRAINING_ELIGIBLE
CWTV-SYM-000804,services/api/tests/test_search_service.py,test_typed_search_can_return_network_provider,function,51,TRAINING_ELIGIBLE
CWTV-SYM-000805,services/api/tests/test_settings.py,test_settings_defaults,function,4,TRAINING_ELIGIBLE
CWTV-SYM-000806,services/api/tests/test_settings.py,test_settings_accept_field_names,function,13,TRAINING_ELIGIBLE
CWTV-SYM-000807,services/api/tests/test_system_endpoints.py,test_health,function,4,TRAINING_ELIGIBLE
CWTV-SYM-000808,services/api/tests/test_system_endpoints.py,test_root_status,function,12,TRAINING_ELIGIBLE
CWTV-SYM-000809,services/api/tests/test_system_endpoints.py,test_v1_status_matches_root_status,function,25,TRAINING_ELIGIBLE
CWTV-SYM-000810,services/api/tests/test_voice_staging.py,_wav,function,15,TRAINING_ELIGIBLE
CWTV-SYM-000811,services/api/tests/test_voice_staging.py,_payload,function,25,TRAINING_ELIGIBLE
CWTV-SYM-000812,services/api/tests/test_voice_staging.py,test_staging_writes_private_wav_and_metadata,function,41,TRAINING_ELIGIBLE
CWTV-SYM-000813,services/api/tests/test_voice_staging.py,test_staging_rejects_non_wav,function,55,TRAINING_ELIGIBLE
CWTV-SYM-000814,tests/repository/test_a3_master_geometry_parameterization.py,A3MasterGeometryParameterizationTests,class,9,TRAINING_ELIGIBLE
CWTV-SYM-000815,tests/repository/test_a3_master_geometry_parameterization.py,test_a3_master_geometry_parameterization,function,10,TRAINING_ELIGIBLE
CWTV-SYM-000816,tests/repository/test_backend_skeleton.py,BackendSkeletonQualificationTest,class,8,TRAINING_ELIGIBLE
CWTV-SYM-000817,tests/repository/test_backend_skeleton.py,test_backend_skeleton_contract,function,9,TRAINING_ELIGIBLE
CWTV-SYM-000818,tests/repository/test_brand_streaming_signature_selection.py,BrandStreamingSignatureSelectionTests,class,9,TRAINING_ELIGIBLE
CWTV-SYM-000819,tests/repository/test_brand_streaming_signature_selection.py,test_a3_signature_cinematic_selection_policy,function,10,TRAINING_ELIGIBLE
CWTV-SYM-000820,tests/repository/test_catalog_experience.py,CatalogExperienceRepositoryTest,class,11,TRAINING_ELIGIBLE
CWTV-SYM-000821,tests/repository/test_catalog_experience.py,test_catalog_experience_r3_static_policy,function,12,TRAINING_ELIGIBLE
CWTV-SYM-000822,tests/repository/test_ci_security_quality.py,CiSecurityQualityFoundationTests,class,9,TRAINING_ELIGIBLE
CWTV-SYM-000823,tests/repository/test_ci_security_quality.py,test_ci_security_quality_policy,function,10,TRAINING_ELIGIBLE
CWTV-SYM-000824,tests/repository/test_contract_foundation.py,ContractFoundationRepositoryTest,class,9,TRAINING_ELIGIBLE
CWTV-SYM-000825,tests/repository/test_contract_foundation.py,test_contract_foundation_policy,function,10,TRAINING_ELIGIBLE
CWTV-SYM-000826,tests/repository/test_database_foundation.py,test_database_foundation_paths_exist,function,6,TRAINING_ELIGIBLE
CWTV-SYM-000827,tests/repository/test_database_foundation.py,test_database_dependencies_are_governed,function,23,TRAINING_ELIGIBLE
CWTV-SYM-000828,tests/repository/test_engineering_chronicle.py,EngineeringChronicleRepositoryTest,class,9,TRAINING_ELIGIBLE
CWTV-SYM-000829,tests/repository/test_engineering_chronicle.py,test_engineering_chronicle_policy,function,10,TRAINING_ELIGIBLE
CWTV-SYM-000830,tests/repository/test_frontend_skeleton.py,FrontendSkeletonRepositoryTest,class,11,TRAINING_ELIGIBLE
CWTV-SYM-000831,tests/repository/test_frontend_skeleton.py,test_frontend_skeleton_policy,function,12,TRAINING_ELIGIBLE
CWTV-SYM-000832,tests/repository/test_homepage_data_foundation.py,HomepageDataFoundationTests,class,9,TRAINING_ELIGIBLE
CWTV-SYM-000833,tests/repository/test_homepage_data_foundation.py,test_homepage_data_foundation_policy,function,10,TRAINING_ELIGIBLE
CWTV-SYM-000834,tests/repository/test_homepage_experience.py,HomepageExperienceRepositoryTest,class,11,TRAINING_ELIGIBLE
CWTV-SYM-000835,tests/repository/test_homepage_experience.py,test_homepage_experience_r3_static_policy,function,12,TRAINING_ELIGIBLE
CWTV-SYM-000836,tests/repository/test_nexvox_ci_checkout_history.py,NexVoxCiCheckoutHistoryTests,class,8,TRAINING_ELIGIBLE
CWTV-SYM-000837,tests/repository/test_nexvox_ci_checkout_history.py,test_quality_job_fetches_full_history_for_projection_validation,function,9,TRAINING_ELIGIBLE
CWTV-SYM-000838,tests/repository/test_nexvox_ci_checkout_history.py,test_security_job_remains_shallow_and_secret_free,function,23,TRAINING_ELIGIBLE
CWTV-SYM-000839,tests/repository/test_nexvox_engineering_corpus.py,NexVoxEngineeringCorpusQualificationTest,class,9,TRAINING_ELIGIBLE
CWTV-SYM-000840,tests/repository/test_nexvox_engineering_corpus.py,test_nexvox_engineering_corpus_contract,function,10,TRAINING_ELIGIBLE
CWTV-SYM-000841,tests/repository/test_nexvox_engineering_corpus.py,test_projection_commit_rejects_non_generated_paths,function,21,TRAINING_ELIGIBLE
CWTV-SYM-000842,tests/repository/test_production_brand_assets.py,ProductionBrandAssetRepositoryTest,class,11,TRAINING_ELIGIBLE
CWTV-SYM-000843,tests/repository/test_production_brand_assets.py,test_production_brand_asset_browser_qualification_staging,function,12,TRAINING_ELIGIBLE
CWTV-SYM-000844,tests/repository/test_provider_runtime.py,ProviderRuntimeFoundationTests,class,9,TRAINING_ELIGIBLE
CWTV-SYM-000845,tests/repository/test_provider_runtime.py,test_provider_runtime_policy,function,10,TRAINING_ELIGIBLE
CWTV-SYM-000846,tests/repository/test_refinement_regression.py,RefinementRegressionRepositoryTest,class,11,TRAINING_ELIGIBLE
CWTV-SYM-000847,tests/repository/test_refinement_regression.py,test_refinement_regression_guard,function,12,TRAINING_ELIGIBLE
CWTV-SYM-000848,tests/repository/test_repository_tree.py,RepositoryTreeQualificationTest,class,8,TRAINING_ELIGIBLE
CWTV-SYM-000849,tests/repository/test_repository_tree.py,test_repository_tree_contract,function,9,TRAINING_ELIGIBLE
CWTV-SYM-000850,tests/repository/test_ssm_evidence_eligibility.py,SsmEvidenceEligibilityTest,class,9,TRAINING_ELIGIBLE
CWTV-SYM-000851,tests/repository/test_ssm_evidence_eligibility.py,test_mixed_evidence_requires_human_training_review,function,10,TRAINING_ELIGIBLE
CWTV-SYM-000852,tests/repository/test_termux_linux_workflow.py,TermuxLinuxWorkflowFoundationTests,class,9,TRAINING_ELIGIBLE
CWTV-SYM-000853,tests/repository/test_termux_linux_workflow.py,test_termux_linux_workflow_policy,function,10,TRAINING_ELIGIBLE
